Unity Editor version:    2022.3.40f1 (cbdda657d2f0)
Branch:                  2022.3/staging
Build type:              Release
Batch mode:              YES
macOS version:           Version 10.15.7 (Build 19H2026)
Darwin version:          19.6.0
Architecture:            x86_64
Running under Rosetta:   NO
Available memory:        8192 MB
Using pre-set license
Pro License: YES

COMMAND LINE ARGUMENTS:
/goinfre/mait-elk/Unity/2022.3.40f1/Unity.app/Contents/MacOS/Unity
-adb2
-batchMode
-noUpm
-name
AssetImportWorker4
-projectPath
/goinfre/mait-elk/Flag_n00
-logFile
Logs/AssetImportWorker4.log
-srvPort
49978
Successfully changed project path to: /goinfre/mait-elk/Flag_n00
/goinfre/mait-elk/Flag_n00
[UnityMemory] Configuration Parameters - Can be set up in boot.config
    "memorysetup-bucket-allocator-granularity=16"
    "memorysetup-bucket-allocator-bucket-count=8"
    "memorysetup-bucket-allocator-block-size=33554432"
    "memorysetup-bucket-allocator-block-count=8"
    "memorysetup-main-allocator-block-size=16777216"
    "memorysetup-thread-allocator-block-size=16777216"
    "memorysetup-gfx-main-allocator-block-size=16777216"
    "memorysetup-gfx-thread-allocator-block-size=16777216"
    "memorysetup-cache-allocator-block-size=4194304"
    "memorysetup-typetree-allocator-block-size=2097152"
    "memorysetup-profiler-bucket-allocator-granularity=16"
    "memorysetup-profiler-bucket-allocator-bucket-count=8"
    "memorysetup-profiler-bucket-allocator-block-size=33554432"
    "memorysetup-profiler-bucket-allocator-block-count=8"
    "memorysetup-profiler-allocator-block-size=16777216"
    "memorysetup-profiler-editor-allocator-block-size=1048576"
    "memorysetup-temp-allocator-size-main=16777216"
    "memorysetup-job-temp-allocator-block-size=2097152"
    "memorysetup-job-temp-allocator-block-size-background=1048576"
    "memorysetup-job-temp-allocator-reduction-small-platforms=262144"
    "memorysetup-allocator-temp-initial-block-size-main=262144"
    "memorysetup-allocator-temp-initial-block-size-worker=262144"
    "memorysetup-temp-allocator-size-background-worker=32768"
    "memorysetup-temp-allocator-size-job-worker=262144"
    "memorysetup-temp-allocator-size-preload-manager=33554432"
    "memorysetup-temp-allocator-size-nav-mesh-worker=65536"
    "memorysetup-temp-allocator-size-audio-worker=65536"
    "memorysetup-temp-allocator-size-cloud-worker=32768"
    "memorysetup-temp-allocator-size-gi-baking-worker=262144"
    "memorysetup-temp-allocator-size-gfx=262144"
Player connection [4770266560]  Target information:

Player connection [4770266560]  * "[IP] 10.13.1.3 [Port] 0 [Flags] 2 [Guid] 2995332716 [EditorId] 2995332716 [Version] 1048832 [Id] OSXEditor(0,e3r1p3.1337.ma) [Debug] 1 [PackageName] OSXEditor [ProjectName] Editor" 

Player connection [4770266560] Host joined multi-casting on [225.0.0.222:54997]...
Player connection [4770266560] Host joined alternative multi-casting on [225.0.0.222:34997]...
[PhysX] Initialized MultithreadedTaskDispatcher with 12 workers.
Refreshing native plugins compatible for Editor in 5.18 ms, found 3 plugins.
Preloading 0 native plugins for Editor in 0.00 ms.
Initialize engine version: 2022.3.40f1 (cbdda657d2f0)
[Subsystems] Discovering subsystems at path /goinfre/mait-elk/Unity/2022.3.40f1/Unity.app/Contents/Resources/UnitySubsystems
[Subsystems] Discovering subsystems at path /goinfre/mait-elk/Flag_n00/Assets
GfxDevice: creating device client; threaded=0; jobified=0
iMac preferred device: AMD Radeon Pro 5300 (high power)
Metal devices available: 1
0: AMD Radeon Pro 5300 (high power)
Using device AMD Radeon Pro 5300 (high power)
Initializing Metal device caps: AMD Radeon Pro 5300
Initialize mono
Mono path[0] = '/goinfre/mait-elk/Unity/2022.3.40f1/Unity.app/Contents/Managed'
Mono path[1] = '/goinfre/mait-elk/Unity/2022.3.40f1/Unity.app/Contents/MonoBleedingEdge/lib/mono/unityjit-macos'
Mono config path = '/goinfre/mait-elk/Unity/2022.3.40f1/Unity.app/Contents/MonoBleedingEdge/etc'
Using monoOptions --debugger-agent=transport=dt_socket,embedding=1,server=y,suspend=n,address=127.0.0.1:56249
Begin MonoManager ReloadAssembly
Registering precompiled unity dll's ...
Register platform support module: /goinfre/mait-elk/Unity/2022.3.40f1/Unity.app/Contents/PlaybackEngines/MacStandaloneSupport/UnityEditor.OSXStandalone.Extensions.dll
Register platform support module: /goinfre/mait-elk/Unity/2022.3.40f1/PlaybackEngines/AndroidPlayer/UnityEditor.Android.Extensions.dll
Register platform support module: /goinfre/mait-elk/Unity/2022.3.40f1/PlaybackEngines/WindowsStandaloneSupport/UnityEditor.WindowsStandalone.Extensions.dll
Registered in 0.001751 seconds.
- Loaded All Assemblies, in  0.390 seconds
Native extension for WindowsStandalone target not found
Native extension for Android target not found
Android Extension - Scanning For ADB Devices 80 ms
Native extension for OSXStandalone target not found
Mono: successfully reloaded assembly
- Finished resetting the current domain, in  0.481 seconds
Domain Reload Profiling: 871ms
	BeginReloadAssembly (91ms)
		ExecutionOrderSort (0ms)
		DisableScriptedObjects (0ms)
		BackupInstance (0ms)
		ReleaseScriptingObjects (0ms)
		CreateAndSetChildDomain (1ms)
	RebuildCommonClasses (43ms)
	RebuildNativeTypeToScriptingClass (13ms)
	initialDomainReloadingComplete (60ms)
	LoadAllAssembliesAndSetupDomain (182ms)
		LoadAssemblies (91ms)
		RebuildTransferFunctionScriptingTraits (0ms)
		AnalyzeDomain (179ms)
			TypeCache.Refresh (176ms)
				TypeCache.ScanAssembly (161ms)
			ScanForSourceGeneratedMonoScriptInfo (0ms)
			ResolveRequiredComponents (1ms)
	FinalizeReload (482ms)
		ReleaseScriptCaches (0ms)
		RebuildScriptCaches (0ms)
		SetupLoadedEditorAssemblies (433ms)
			LogAssemblyErrors (0ms)
			InitializePlatformSupportModulesInManaged (256ms)
			SetLoadedEditorAssemblies (4ms)
			RefreshPlugins (0ms)
			BeforeProcessingInitializeOnLoad (2ms)
			ProcessInitializeOnLoadAttributes (123ms)
			ProcessInitializeOnLoadMethodAttributes (47ms)
			AfterProcessingInitializeOnLoad (0ms)
			EditorAssembliesLoaded (0ms)
		ExecutionOrderSort2 (0ms)
		AwakeInstancesAfterBackupRestoration (0ms)
========================================================================
Worker process is ready to serve import requests
Caller must complete domain reload
Begin MonoManager ReloadAssembly
- Loaded All Assemblies, in  0.780 seconds
Native extension for WindowsStandalone target not found
Native extension for Android target not found
Native extension for OSXStandalone target not found
Package Manager log level set to [2]
[Package Manager] Server::EnsureServerProcessIsRunning -- launch failed, reason: Unity was launched with the -noUpm command-line argument
[Package Manager] UpmClient::Send -- Unable to send message (not connected to UPM process).
[Package Manager] Cannot connect to Unity Package Manager local server
Mono: successfully reloaded assembly
- Finished resetting the current domain, in  0.994 seconds
Domain Reload Profiling: 1774ms
	BeginReloadAssembly (153ms)
		ExecutionOrderSort (0ms)
		DisableScriptedObjects (6ms)
		BackupInstance (0ms)
		ReleaseScriptingObjects (0ms)
		CreateAndSetChildDomain (40ms)
	RebuildCommonClasses (45ms)
	RebuildNativeTypeToScriptingClass (13ms)
	initialDomainReloadingComplete (44ms)
	LoadAllAssembliesAndSetupDomain (525ms)
		LoadAssemblies (304ms)
		RebuildTransferFunctionScriptingTraits (0ms)
		AnalyzeDomain (290ms)
			TypeCache.Refresh (241ms)
				TypeCache.ScanAssembly (216ms)
			ScanForSourceGeneratedMonoScriptInfo (32ms)
			ResolveRequiredComponents (13ms)
	FinalizeReload (994ms)
		ReleaseScriptCaches (0ms)
		RebuildScriptCaches (0ms)
		SetupLoadedEditorAssemblies (742ms)
			LogAssemblyErrors (0ms)
			InitializePlatformSupportModulesInManaged (24ms)
			SetLoadedEditorAssemblies (5ms)
			RefreshPlugins (0ms)
			BeforeProcessingInitializeOnLoad (73ms)
			ProcessInitializeOnLoadAttributes (562ms)
			ProcessInitializeOnLoadMethodAttributes (77ms)
			AfterProcessingInitializeOnLoad (1ms)
			EditorAssembliesLoaded (0ms)
		ExecutionOrderSort2 (0ms)
		AwakeInstancesAfterBackupRestoration (4ms)
Launching external process: /goinfre/mait-elk/Unity/2022.3.40f1/Unity.app/Contents/Tools/UnityShaderCompiler
Launched and connected shader compiler UnityShaderCompiler after 0.02 seconds
Refreshing native plugins compatible for Editor in 1.55 ms, found 3 plugins.
Preloading 0 native plugins for Editor in 0.00 ms.
Unloading 5690 Unused Serialized files (Serialized files now loaded: 0)
Unloading 34 unused Assets / (377.9 KB). Loaded Objects now: 6163.
Memory consumption went from 360.3 MB to 359.9 MB.
Total: 4.823581 ms (FindLiveObjects: 0.428109 ms CreateObjectMapping: 0.409004 ms MarkObjects: 3.756692 ms  DeleteObjects: 0.228491 ms)

AssetImportParameters requested are different than current active one (requested -> active):
  custom:container-demuxer-ogg: 62fdf1f143b41e24485cea50d1cbac27 -> 
  custom:video-decoder-ogg-theora: a1e56fd34408186e4bbccfd4996cb3dc -> 
  custom:CustomObjectIndexerAttribute: 72b91833f83ae208fae7752999fa3104 -> 
  custom:container-demuxer-webm: 4f35f7cbe854078d1ac9338744f61a02 -> 
  custom:container-muxer-webm: aa71ff27fc2769a1b78a27578f13a17b -> 
  custom:video-decoder-webm-vp8: 9c59270c3fd7afecdb556c50c9e8de78 -> 
  custom:SearchIndexIgnoredProperties: e643bd26f0fe6173181afceb89e7c659 -> 
  custom:AudioImporter_EditorPlatform: 3918e3fc78b5a79bad01e8451be0beb8 -> 
  custom:framework-osx-AVFoundation: b23960f63f64bdc6ff669e2cdcee2391 -> 
  custom:video-encoder-webm-vp8: eb34c28f22e8b96e1ab97ce403110664 -> 
  custom:audio-decoder-ogg-vorbis: bf7c407c2cedff20999df2af8eb42d56 -> 
  custom:audio-encoder-webm-vorbis: bf7c407c2cedff20999df2af8eb42d56 -> 
========================================================================
Received Import Request.
  Time since last request: 8811.534775 seconds.
  path: Assets/Enemy_Env/Enemy.prefab
  artifactKey: Guid(86d68384f03e346788c8889cbdd3c636) Importer(815301076,1909f56bfc062723c751e8b465ee728b)
Start importing Assets/Enemy_Env/Enemy.prefab using Guid(86d68384f03e346788c8889cbdd3c636) Importer(815301076,1909f56bfc062723c751e8b465ee728b) [PhysX] Initialized MultithreadedTaskDispatcher with 12 workers.
[PhysX] Initialized MultithreadedTaskDispatcher with 12 workers.
 -> (artifact id: '58c77cb0059e265e3f2ab22322c6b51b') in 0.276789 seconds
Number of updated asset objects reloaded before import = 0
Number of asset objects unloaded after import = 46
========================================================================
Received Prepare
Caller must complete domain reload
Begin MonoManager ReloadAssembly
- Loaded All Assemblies, in  0.793 seconds
Native extension for WindowsStandalone target not found
Native extension for Android target not found
Native extension for OSXStandalone target not found
[Package Manager] Server::EnsureServerProcessIsRunning -- launch failed, reason: Unity was launched with the -noUpm command-line argument
[Package Manager] UpmClient::Send -- Unable to send message (not connected to UPM process).
[Package Manager] Cannot connect to Unity Package Manager local server
Mono: successfully reloaded assembly
- Finished resetting the current domain, in  1.041 seconds
Domain Reload Profiling: 1837ms
	BeginReloadAssembly (436ms)
		ExecutionOrderSort (0ms)
		DisableScriptedObjects (258ms)
		BackupInstance (0ms)
		ReleaseScriptingObjects (0ms)
		CreateAndSetChildDomain (82ms)
	RebuildCommonClasses (45ms)
	RebuildNativeTypeToScriptingClass (16ms)
	initialDomainReloadingComplete (34ms)
	LoadAllAssembliesAndSetupDomain (264ms)
		LoadAssemblies (303ms)
		RebuildTransferFunctionScriptingTraits (0ms)
		AnalyzeDomain (24ms)
			TypeCache.Refresh (7ms)
				TypeCache.ScanAssembly (0ms)
			ScanForSourceGeneratedMonoScriptInfo (0ms)
			ResolveRequiredComponents (14ms)
	FinalizeReload (1042ms)
		ReleaseScriptCaches (0ms)
		RebuildScriptCaches (0ms)
		SetupLoadedEditorAssemblies (695ms)
			LogAssemblyErrors (0ms)
			InitializePlatformSupportModulesInManaged (24ms)
			SetLoadedEditorAssemblies (6ms)
			RefreshPlugins (0ms)
			BeforeProcessingInitializeOnLoad (75ms)
			ProcessInitializeOnLoadAttributes (515ms)
			ProcessInitializeOnLoadMethodAttributes (72ms)
			AfterProcessingInitializeOnLoad (1ms)
			EditorAssembliesLoaded (0ms)
		ExecutionOrderSort2 (0ms)
		AwakeInstancesAfterBackupRestoration (16ms)
Refreshing native plugins compatible for Editor in 1.60 ms, found 3 plugins.
Preloading 0 native plugins for Editor in 0.00 ms.
Unloading 5524 Unused Serialized files (Serialized files now loaded: 0)
Unloading 22 unused Assets / (356.3 KB). Loaded Objects now: 6216.
Memory consumption went from 317.7 MB to 317.4 MB.
Total: 5.837394 ms (FindLiveObjects: 0.500635 ms CreateObjectMapping: 0.472449 ms MarkObjects: 4.676006 ms  DeleteObjects: 0.187482 ms)

Prepare: number of updated asset objects reloaded= 0
AssetImportParameters requested are different than current active one (requested -> active):
  custom:container-demuxer-ogg: 62fdf1f143b41e24485cea50d1cbac27 -> 
  custom:video-decoder-ogg-theora: a1e56fd34408186e4bbccfd4996cb3dc -> 
  custom:CustomObjectIndexerAttribute: 72b91833f83ae208fae7752999fa3104 -> 
  custom:container-demuxer-webm: 4f35f7cbe854078d1ac9338744f61a02 -> 
  custom:container-muxer-webm: aa71ff27fc2769a1b78a27578f13a17b -> 
  custom:video-decoder-webm-vp8: 9c59270c3fd7afecdb556c50c9e8de78 -> 
  custom:SearchIndexIgnoredProperties: e643bd26f0fe6173181afceb89e7c659 -> 
  custom:AudioImporter_EditorPlatform: 3918e3fc78b5a79bad01e8451be0beb8 -> 
  custom:framework-osx-AVFoundation: b23960f63f64bdc6ff669e2cdcee2391 -> 
  custom:video-encoder-webm-vp8: eb34c28f22e8b96e1ab97ce403110664 -> 
  custom:audio-decoder-ogg-vorbis: bf7c407c2cedff20999df2af8eb42d56 -> 
  custom:audio-encoder-webm-vorbis: bf7c407c2cedff20999df2af8eb42d56 -> 
========================================================================
Received Import Request.
  Time since last request: 9.824530 seconds.
  path: Assets/Enemy_Env/Enemy_Boss3.prefab
  artifactKey: Guid(a8e154df25a7b4308b582dc2637f9a4d) Importer(815301076,1909f56bfc062723c751e8b465ee728b)
Start importing Assets/Enemy_Env/Enemy_Boss3.prefab using Guid(a8e154df25a7b4308b582dc2637f9a4d) Importer(815301076,1909f56bfc062723c751e8b465ee728b) [PhysX] Initialized MultithreadedTaskDispatcher with 12 workers.
 -> (artifact id: '644cf7df47f8cb9e9fb5fa3358fde4bb') in 0.003143 seconds
Number of updated asset objects reloaded before import = 0
Number of asset objects unloaded after import = 0
========================================================================
Received Import Request.
  Time since last request: 0.000066 seconds.
  path: Assets/Enemy_Env/Enemy_Boss2.prefab
  artifactKey: Guid(8ed9dcd6d339b4ad7b71b940bac89d50) Importer(815301076,1909f56bfc062723c751e8b465ee728b)
Start importing Assets/Enemy_Env/Enemy_Boss2.prefab using Guid(8ed9dcd6d339b4ad7b71b940bac89d50) Importer(815301076,1909f56bfc062723c751e8b465ee728b) [PhysX] Initialized MultithreadedTaskDispatcher with 12 workers.
 -> (artifact id: 'fd360d0927d4dbc48c0da4402e543d2b') in 0.000530 seconds
Number of updated asset objects reloaded before import = 0
Number of asset objects unloaded after import = 0
========================================================================
Received Prepare
Caller must complete domain reload
Begin MonoManager ReloadAssembly
- Loaded All Assemblies, in  0.632 seconds
Native extension for WindowsStandalone target not found
Native extension for Android target not found
Native extension for OSXStandalone target not found
[Package Manager] Server::EnsureServerProcessIsRunning -- launch failed, reason: Unity was launched with the -noUpm command-line argument
[Package Manager] UpmClient::Send -- Unable to send message (not connected to UPM process).
[Package Manager] Cannot connect to Unity Package Manager local server
Mono: successfully reloaded assembly
- Finished resetting the current domain, in  2.035 seconds
Domain Reload Profiling: 2667ms
	BeginReloadAssembly (244ms)
		ExecutionOrderSort (0ms)
		DisableScriptedObjects (22ms)
		BackupInstance (0ms)
		ReleaseScriptingObjects (0ms)
		CreateAndSetChildDomain (105ms)
	RebuildCommonClasses (43ms)
	RebuildNativeTypeToScriptingClass (14ms)
	initialDomainReloadingComplete (29ms)
	LoadAllAssembliesAndSetupDomain (302ms)
		LoadAssemblies (315ms)
		RebuildTransferFunctionScriptingTraits (0ms)
		AnalyzeDomain (63ms)
			TypeCache.Refresh (15ms)
				TypeCache.ScanAssembly (0ms)
			ScanForSourceGeneratedMonoScriptInfo (32ms)
			ResolveRequiredComponents (15ms)
	FinalizeReload (2035ms)
		ReleaseScriptCaches (0ms)
		RebuildScriptCaches (0ms)
		SetupLoadedEditorAssemblies (680ms)
			LogAssemblyErrors (0ms)
			InitializePlatformSupportModulesInManaged (30ms)
			SetLoadedEditorAssemblies (6ms)
			RefreshPlugins (0ms)
			BeforeProcessingInitializeOnLoad (83ms)
			ProcessInitializeOnLoadAttributes (482ms)
			ProcessInitializeOnLoadMethodAttributes (78ms)
			AfterProcessingInitializeOnLoad (1ms)
			EditorAssembliesLoaded (0ms)
		ExecutionOrderSort2 (0ms)
		AwakeInstancesAfterBackupRestoration (16ms)
Refreshing native plugins compatible for Editor in 1.53 ms, found 3 plugins.
Preloading 0 native plugins for Editor in 0.00 ms.
Unloading 5524 Unused Serialized files (Serialized files now loaded: 0)
Unloading 21 unused Assets / (355.6 KB). Loaded Objects now: 6221.
Memory consumption went from 318.6 MB to 318.3 MB.
Total: 5.727832 ms (FindLiveObjects: 0.550488 ms CreateObjectMapping: 0.564200 ms MarkObjects: 4.425799 ms  DeleteObjects: 0.186033 ms)

Prepare: number of updated asset objects reloaded= 0
AssetImportParameters requested are different than current active one (requested -> active):
  custom:container-demuxer-ogg: 62fdf1f143b41e24485cea50d1cbac27 -> 
  custom:video-decoder-ogg-theora: a1e56fd34408186e4bbccfd4996cb3dc -> 
  custom:CustomObjectIndexerAttribute: 72b91833f83ae208fae7752999fa3104 -> 
  custom:container-demuxer-webm: 4f35f7cbe854078d1ac9338744f61a02 -> 
  custom:container-muxer-webm: aa71ff27fc2769a1b78a27578f13a17b -> 
  custom:video-decoder-webm-vp8: 9c59270c3fd7afecdb556c50c9e8de78 -> 
  custom:SearchIndexIgnoredProperties: e643bd26f0fe6173181afceb89e7c659 -> 
  custom:AudioImporter_EditorPlatform: 3918e3fc78b5a79bad01e8451be0beb8 -> 
  custom:framework-osx-AVFoundation: b23960f63f64bdc6ff669e2cdcee2391 -> 
  custom:video-encoder-webm-vp8: eb34c28f22e8b96e1ab97ce403110664 -> 
  custom:audio-decoder-ogg-vorbis: bf7c407c2cedff20999df2af8eb42d56 -> 
  custom:audio-encoder-webm-vorbis: bf7c407c2cedff20999df2af8eb42d56 -> 
========================================================================
Received Import Request.
  Time since last request: 88.639901 seconds.
  path: Assets/Enemy_Env/Enemy.prefab
  artifactKey: Guid(86d68384f03e346788c8889cbdd3c636) Importer(815301076,1909f56bfc062723c751e8b465ee728b)
Start importing Assets/Enemy_Env/Enemy.prefab using Guid(86d68384f03e346788c8889cbdd3c636) Importer(815301076,1909f56bfc062723c751e8b465ee728b) [PhysX] Initialized MultithreadedTaskDispatcher with 12 workers.
 -> (artifact id: '462ecf80ca38b1685cdaba07b8a9b10b') in 0.001896 seconds
Number of updated asset objects reloaded before import = 0
Number of asset objects unloaded after import = 0
========================================================================
Received Import Request.
  Time since last request: 0.000079 seconds.
  path: Assets/Enemy_Env/Enemy_Boss1.prefab
  artifactKey: Guid(c81a75079457c4b7f851ddafc9873d21) Importer(815301076,1909f56bfc062723c751e8b465ee728b)
Start importing Assets/Enemy_Env/Enemy_Boss1.prefab using Guid(c81a75079457c4b7f851ddafc9873d21) Importer(815301076,1909f56bfc062723c751e8b465ee728b) [PhysX] Initialized MultithreadedTaskDispatcher with 12 workers.
 -> (artifact id: 'ef9bf06aecc08b3a969642c694fd4c9b') in 0.000432 seconds
Number of updated asset objects reloaded before import = 0
Number of asset objects unloaded after import = 0
========================================================================
Received Import Request.
  Time since last request: 0.000044 seconds.
  path: Assets/Enemy_Env/Enemy_Boss2.prefab
  artifactKey: Guid(8ed9dcd6d339b4ad7b71b940bac89d50) Importer(815301076,1909f56bfc062723c751e8b465ee728b)
Start importing Assets/Enemy_Env/Enemy_Boss2.prefab using Guid(8ed9dcd6d339b4ad7b71b940bac89d50) Importer(815301076,1909f56bfc062723c751e8b465ee728b) [PhysX] Initialized MultithreadedTaskDispatcher with 12 workers.
 -> (artifact id: 'fd360d0927d4dbc48c0da4402e543d2b') in 0.000387 seconds
Number of updated asset objects reloaded before import = 0
Number of asset objects unloaded after import = 0
========================================================================
Received Prepare
Caller must complete domain reload
Begin MonoManager ReloadAssembly
- Loaded All Assemblies, in  0.661 seconds
Native extension for WindowsStandalone target not found
Native extension for Android target not found
Native extension for OSXStandalone target not found
[Package Manager] Server::EnsureServerProcessIsRunning -- launch failed, reason: Unity was launched with the -noUpm command-line argument
[Package Manager] UpmClient::Send -- Unable to send message (not connected to UPM process).
[Package Manager] Cannot connect to Unity Package Manager local server
Mono: successfully reloaded assembly
- Finished resetting the current domain, in  1.487 seconds
Domain Reload Profiling: 2150ms
	BeginReloadAssembly (260ms)
		ExecutionOrderSort (0ms)
		DisableScriptedObjects (23ms)
		BackupInstance (0ms)
		ReleaseScriptingObjects (0ms)
		CreateAndSetChildDomain (108ms)
	RebuildCommonClasses (44ms)
	RebuildNativeTypeToScriptingClass (15ms)
	initialDomainReloadingComplete (31ms)
	LoadAllAssembliesAndSetupDomain (312ms)
		LoadAssemblies (367ms)
		RebuildTransferFunctionScriptingTraits (0ms)
		AnalyzeDomain (32ms)
			TypeCache.Refresh (14ms)
				TypeCache.ScanAssembly (0ms)
			ScanForSourceGeneratedMonoScriptInfo (0ms)
			ResolveRequiredComponents (16ms)
	FinalizeReload (1488ms)
		ReleaseScriptCaches (0ms)
		RebuildScriptCaches (0ms)
		SetupLoadedEditorAssemblies (741ms)
			LogAssemblyErrors (0ms)
			InitializePlatformSupportModulesInManaged (28ms)
			SetLoadedEditorAssemblies (6ms)
			RefreshPlugins (0ms)
			BeforeProcessingInitializeOnLoad (78ms)
			ProcessInitializeOnLoadAttributes (555ms)
			ProcessInitializeOnLoadMethodAttributes (73ms)
			AfterProcessingInitializeOnLoad (1ms)
			EditorAssembliesLoaded (0ms)
		ExecutionOrderSort2 (0ms)
		AwakeInstancesAfterBackupRestoration (18ms)
Refreshing native plugins compatible for Editor in 1.91 ms, found 3 plugins.
Preloading 0 native plugins for Editor in 0.00 ms.
Unloading 5524 Unused Serialized files (Serialized files now loaded: 0)
Unloading 21 unused Assets / (355.7 KB). Loaded Objects now: 6226.
Memory consumption went from 316.9 MB to 316.5 MB.
Total: 5.955092 ms (FindLiveObjects: 0.465064 ms CreateObjectMapping: 0.443436 ms MarkObjects: 4.746317 ms  DeleteObjects: 0.299129 ms)

Prepare: number of updated asset objects reloaded= 0
AssetImportParameters requested are different than current active one (requested -> active):
  custom:container-demuxer-ogg: 62fdf1f143b41e24485cea50d1cbac27 -> 
  custom:video-decoder-ogg-theora: a1e56fd34408186e4bbccfd4996cb3dc -> 
  custom:CustomObjectIndexerAttribute: 72b91833f83ae208fae7752999fa3104 -> 
  custom:container-demuxer-webm: 4f35f7cbe854078d1ac9338744f61a02 -> 
  custom:container-muxer-webm: aa71ff27fc2769a1b78a27578f13a17b -> 
  custom:video-decoder-webm-vp8: 9c59270c3fd7afecdb556c50c9e8de78 -> 
  custom:SearchIndexIgnoredProperties: e643bd26f0fe6173181afceb89e7c659 -> 
  custom:AudioImporter_EditorPlatform: 3918e3fc78b5a79bad01e8451be0beb8 -> 
  custom:framework-osx-AVFoundation: b23960f63f64bdc6ff669e2cdcee2391 -> 
  custom:video-encoder-webm-vp8: eb34c28f22e8b96e1ab97ce403110664 -> 
  custom:audio-decoder-ogg-vorbis: bf7c407c2cedff20999df2af8eb42d56 -> 
  custom:audio-encoder-webm-vorbis: bf7c407c2cedff20999df2af8eb42d56 -> 
========================================================================
Received Import Request.
  Time since last request: 49.360183 seconds.
  path: Assets/Enemy_Env/Enemy.prefab
  artifactKey: Guid(86d68384f03e346788c8889cbdd3c636) Importer(815301076,1909f56bfc062723c751e8b465ee728b)
Start importing Assets/Enemy_Env/Enemy.prefab using Guid(86d68384f03e346788c8889cbdd3c636) Importer(815301076,1909f56bfc062723c751e8b465ee728b) [PhysX] Initialized MultithreadedTaskDispatcher with 12 workers.
 -> (artifact id: '462ecf80ca38b1685cdaba07b8a9b10b') in 0.001766 seconds
Number of updated asset objects reloaded before import = 0
Number of asset objects unloaded after import = 0
========================================================================
Received Import Request.
  Time since last request: 0.000062 seconds.
  path: Assets/Enemy_Env/Enemy_Boss1.prefab
  artifactKey: Guid(c81a75079457c4b7f851ddafc9873d21) Importer(815301076,1909f56bfc062723c751e8b465ee728b)
Start importing Assets/Enemy_Env/Enemy_Boss1.prefab using Guid(c81a75079457c4b7f851ddafc9873d21) Importer(815301076,1909f56bfc062723c751e8b465ee728b) [PhysX] Initialized MultithreadedTaskDispatcher with 12 workers.
 -> (artifact id: 'ef9bf06aecc08b3a969642c694fd4c9b') in 0.000376 seconds
Number of updated asset objects reloaded before import = 0
Number of asset objects unloaded after import = 0
========================================================================
Received Import Request.
  Time since last request: 0.000049 seconds.
  path: Assets/Enemy_Env/Enemy_Boss2.prefab
  artifactKey: Guid(8ed9dcd6d339b4ad7b71b940bac89d50) Importer(815301076,1909f56bfc062723c751e8b465ee728b)
Start importing Assets/Enemy_Env/Enemy_Boss2.prefab using Guid(8ed9dcd6d339b4ad7b71b940bac89d50) Importer(815301076,1909f56bfc062723c751e8b465ee728b) [PhysX] Initialized MultithreadedTaskDispatcher with 12 workers.
 -> (artifact id: 'fd360d0927d4dbc48c0da4402e543d2b') in 0.000382 seconds
Number of updated asset objects reloaded before import = 0
Number of asset objects unloaded after import = 0
========================================================================
Received Import Request.
  Time since last request: 20.403835 seconds.
  path: Assets/Player_Env/Loading_Canvas.prefab
  artifactKey: Guid(97529ec5572854c1baab8f2aab42c33b) Importer(815301076,1909f56bfc062723c751e8b465ee728b)
Start importing Assets/Player_Env/Loading_Canvas.prefab using Guid(97529ec5572854c1baab8f2aab42c33b) Importer(815301076,1909f56bfc062723c751e8b465ee728b) [PhysX] Initialized MultithreadedTaskDispatcher with 12 workers.
 -> (artifact id: 'd8014b492f1a945f585d074b0c924870') in 0.000356 seconds
Number of updated asset objects reloaded before import = 0
Number of asset objects unloaded after import = 0
========================================================================
Received Prepare
Caller must complete domain reload
Begin MonoManager ReloadAssembly
- Loaded All Assemblies, in  0.526 seconds
Native extension for WindowsStandalone target not found
Native extension for Android target not found
Native extension for OSXStandalone target not found
[Package Manager] Server::EnsureServerProcessIsRunning -- launch failed, reason: Unity was launched with the -noUpm command-line argument
[Package Manager] UpmClient::Send -- Unable to send message (not connected to UPM process).
[Package Manager] Cannot connect to Unity Package Manager local server
Mono: successfully reloaded assembly
- Finished resetting the current domain, in  1.978 seconds
Domain Reload Profiling: 2504ms
	BeginReloadAssembly (166ms)
		ExecutionOrderSort (0ms)
		DisableScriptedObjects (12ms)
		BackupInstance (0ms)
		ReleaseScriptingObjects (0ms)
		CreateAndSetChildDomain (63ms)
	RebuildCommonClasses (42ms)
	RebuildNativeTypeToScriptingClass (13ms)
	initialDomainReloadingComplete (24ms)
	LoadAllAssembliesAndSetupDomain (281ms)
		LoadAssemblies (318ms)
		RebuildTransferFunctionScriptingTraits (0ms)
		AnalyzeDomain (23ms)
			TypeCache.Refresh (7ms)
				TypeCache.ScanAssembly (0ms)
			ScanForSourceGeneratedMonoScriptInfo (0ms)
			ResolveRequiredComponents (14ms)
	FinalizeReload (1978ms)
		ReleaseScriptCaches (0ms)
		RebuildScriptCaches (0ms)
		SetupLoadedEditorAssemblies (650ms)
			LogAssemblyErrors (0ms)
			InitializePlatformSupportModulesInManaged (24ms)
			SetLoadedEditorAssemblies (5ms)
			RefreshPlugins (0ms)
			BeforeProcessingInitializeOnLoad (72ms)
			ProcessInitializeOnLoadAttributes (473ms)
			ProcessInitializeOnLoadMethodAttributes (73ms)
			AfterProcessingInitializeOnLoad (1ms)
			EditorAssembliesLoaded (0ms)
		ExecutionOrderSort2 (0ms)
		AwakeInstancesAfterBackupRestoration (16ms)
Refreshing native plugins compatible for Editor in 1.54 ms, found 3 plugins.
Preloading 0 native plugins for Editor in 0.00 ms.
Unloading 5524 Unused Serialized files (Serialized files now loaded: 0)
Unloading 21 unused Assets / (355.7 KB). Loaded Objects now: 6231.
Memory consumption went from 315.8 MB to 315.5 MB.
Total: 5.217205 ms (FindLiveObjects: 0.450672 ms CreateObjectMapping: 0.382692 ms MarkObjects: 4.127321 ms  DeleteObjects: 0.255714 ms)

Prepare: number of updated asset objects reloaded= 0
AssetImportParameters requested are different than current active one (requested -> active):
  custom:container-demuxer-ogg: 62fdf1f143b41e24485cea50d1cbac27 -> 
  custom:video-decoder-ogg-theora: a1e56fd34408186e4bbccfd4996cb3dc -> 
  custom:CustomObjectIndexerAttribute: 72b91833f83ae208fae7752999fa3104 -> 
  custom:container-demuxer-webm: 4f35f7cbe854078d1ac9338744f61a02 -> 
  custom:container-muxer-webm: aa71ff27fc2769a1b78a27578f13a17b -> 
  custom:video-decoder-webm-vp8: 9c59270c3fd7afecdb556c50c9e8de78 -> 
  custom:SearchIndexIgnoredProperties: e643bd26f0fe6173181afceb89e7c659 -> 
  custom:AudioImporter_EditorPlatform: 3918e3fc78b5a79bad01e8451be0beb8 -> 
  custom:framework-osx-AVFoundation: b23960f63f64bdc6ff669e2cdcee2391 -> 
  custom:video-encoder-webm-vp8: eb34c28f22e8b96e1ab97ce403110664 -> 
  custom:audio-decoder-ogg-vorbis: bf7c407c2cedff20999df2af8eb42d56 -> 
  custom:audio-encoder-webm-vorbis: bf7c407c2cedff20999df2af8eb42d56 -> 
========================================================================
Received Import Request.
  Time since last request: 24.883072 seconds.
  path: Assets/Player_Env/P_Small.prefab
  artifactKey: Guid(d073805d1a9f04fa5aa19d1f779ace9c) Importer(815301076,1909f56bfc062723c751e8b465ee728b)
Start importing Assets/Player_Env/P_Small.prefab using Guid(d073805d1a9f04fa5aa19d1f779ace9c) Importer(815301076,1909f56bfc062723c751e8b465ee728b) [PhysX] Initialized MultithreadedTaskDispatcher with 12 workers.
 -> (artifact id: '869e159f3c7621eecbf451e5ecb19929') in 0.001605 seconds
Number of updated asset objects reloaded before import = 0
Number of asset objects unloaded after import = 0
========================================================================
Received Import Request.
  Time since last request: 111.662730 seconds.
  path: Assets/Player_Env/Loading_Canvas.prefab
  artifactKey: Guid(97529ec5572854c1baab8f2aab42c33b) Importer(815301076,1909f56bfc062723c751e8b465ee728b)
Start importing Assets/Player_Env/Loading_Canvas.prefab using Guid(97529ec5572854c1baab8f2aab42c33b) Importer(815301076,1909f56bfc062723c751e8b465ee728b) [PhysX] Initialized MultithreadedTaskDispatcher with 12 workers.
 -> (artifact id: 'd8014b492f1a945f585d074b0c924870') in 0.003525 seconds
Number of updated asset objects reloaded before import = 0
Number of asset objects unloaded after import = 0
========================================================================
Received Import Request.
  Time since last request: 3.696876 seconds.
  path: Assets/Health.mp3
  artifactKey: Guid(82e89ac881f4e4542b18001f179e672d) Importer(815301076,1909f56bfc062723c751e8b465ee728b)
Start importing Assets/Health.mp3 using Guid(82e89ac881f4e4542b18001f179e672d) Importer(815301076,1909f56bfc062723c751e8b465ee728b) [PhysX] Initialized MultithreadedTaskDispatcher with 12 workers.
[PhysX] Initialized MultithreadedTaskDispatcher with 12 workers.
 -> (artifact id: '0851a703905a70b6d670cd229ffd3188') in 0.169021 seconds
Number of updated asset objects reloaded before import = 0
Number of asset objects unloaded after import = 2
========================================================================
Received Import Request.
  Time since last request: 2.161753 seconds.
  path: Assets/Player_Env/P_Small.prefab
  artifactKey: Guid(d073805d1a9f04fa5aa19d1f779ace9c) Importer(815301076,1909f56bfc062723c751e8b465ee728b)
Start importing Assets/Player_Env/P_Small.prefab using Guid(d073805d1a9f04fa5aa19d1f779ace9c) Importer(815301076,1909f56bfc062723c751e8b465ee728b) [PhysX] Initialized MultithreadedTaskDispatcher with 12 workers.
 -> (artifact id: '869e159f3c7621eecbf451e5ecb19929') in 0.000636 seconds
Number of updated asset objects reloaded before import = 0
Number of asset objects unloaded after import = 0
========================================================================
Received Import Request.
  Time since last request: 18.383919 seconds.
  path: Assets/Enemy_Env/Enemy.prefab
  artifactKey: Guid(86d68384f03e346788c8889cbdd3c636) Importer(815301076,1909f56bfc062723c751e8b465ee728b)
Start importing Assets/Enemy_Env/Enemy.prefab using Guid(86d68384f03e346788c8889cbdd3c636) Importer(815301076,1909f56bfc062723c751e8b465ee728b) [PhysX] Initialized MultithreadedTaskDispatcher with 12 workers.
 -> (artifact id: '462ecf80ca38b1685cdaba07b8a9b10b') in 0.000500 seconds
Number of updated asset objects reloaded before import = 0
Number of asset objects unloaded after import = 0
========================================================================
Received Import Request.
  Time since last request: 0.000045 seconds.
  path: Assets/Enemy_Env/Enemy_Boss3.prefab
  artifactKey: Guid(a8e154df25a7b4308b582dc2637f9a4d) Importer(815301076,1909f56bfc062723c751e8b465ee728b)
Start importing Assets/Enemy_Env/Enemy_Boss3.prefab using Guid(a8e154df25a7b4308b582dc2637f9a4d) Importer(815301076,1909f56bfc062723c751e8b465ee728b) [PhysX] Initialized MultithreadedTaskDispatcher with 12 workers.
 -> (artifact id: '644cf7df47f8cb9e9fb5fa3358fde4bb') in 0.000524 seconds
Number of updated asset objects reloaded before import = 0
Number of asset objects unloaded after import = 0
========================================================================
Received Import Request.
  Time since last request: 0.000064 seconds.
  path: Assets/Enemy_Env/Enemy_Boss2.prefab
  artifactKey: Guid(8ed9dcd6d339b4ad7b71b940bac89d50) Importer(815301076,1909f56bfc062723c751e8b465ee728b)
Start importing Assets/Enemy_Env/Enemy_Boss2.prefab using Guid(8ed9dcd6d339b4ad7b71b940bac89d50) Importer(815301076,1909f56bfc062723c751e8b465ee728b) [PhysX] Initialized MultithreadedTaskDispatcher with 12 workers.
 -> (artifact id: 'fd360d0927d4dbc48c0da4402e543d2b') in 0.000522 seconds
Number of updated asset objects reloaded before import = 0
Number of asset objects unloaded after import = 0
========================================================================
Received Import Request.
  Time since last request: 2.503354 seconds.
  path: Assets/Player_Env/Loading_Canvas.prefab
  artifactKey: Guid(97529ec5572854c1baab8f2aab42c33b) Importer(815301076,1909f56bfc062723c751e8b465ee728b)
Start importing Assets/Player_Env/Loading_Canvas.prefab using Guid(97529ec5572854c1baab8f2aab42c33b) Importer(815301076,1909f56bfc062723c751e8b465ee728b) [PhysX] Initialized MultithreadedTaskDispatcher with 12 workers.
 -> (artifact id: 'd8014b492f1a945f585d074b0c924870') in 0.000444 seconds
Number of updated asset objects reloaded before import = 0
Number of asset objects unloaded after import = 0
========================================================================
Received Import Request.
  Time since last request: 4.712736 seconds.
  path: Assets/Player_Env
  artifactKey: Guid(9a7258412479a4d66b652cbec18d7375) Importer(815301076,1909f56bfc062723c751e8b465ee728b)
Start importing Assets/Player_Env using Guid(9a7258412479a4d66b652cbec18d7375) Importer(815301076,1909f56bfc062723c751e8b465ee728b) [PhysX] Initialized MultithreadedTaskDispatcher with 12 workers.
 -> (artifact id: '7d06666cfc5a4bf9cea67a9c156f4bcb') in 0.000560 seconds
Number of updated asset objects reloaded before import = 0
Number of asset objects unloaded after import = 0
========================================================================
Received Import Request.
  Time since last request: 11.906643 seconds.
  path: Assets/Player_Env/Loading_Canvas.prefab
  artifactKey: Guid(97529ec5572854c1baab8f2aab42c33b) Importer(815301076,1909f56bfc062723c751e8b465ee728b)
Start importing Assets/Player_Env/Loading_Canvas.prefab using Guid(97529ec5572854c1baab8f2aab42c33b) Importer(815301076,1909f56bfc062723c751e8b465ee728b) [PhysX] Initialized MultithreadedTaskDispatcher with 12 workers.
 -> (artifact id: 'd8014b492f1a945f585d074b0c924870') in 0.000504 seconds
Number of updated asset objects reloaded before import = 0
Number of asset objects unloaded after import = 0
========================================================================
Received Import Request.
  Time since last request: 0.943235 seconds.
  path: Assets/Player_Env/Loading_Canvas.prefab
  artifactKey: Guid(97529ec5572854c1baab8f2aab42c33b) Importer(815301076,1909f56bfc062723c751e8b465ee728b)
Start importing Assets/Player_Env/Loading_Canvas.prefab using Guid(97529ec5572854c1baab8f2aab42c33b) Importer(815301076,1909f56bfc062723c751e8b465ee728b) [PhysX] Initialized MultithreadedTaskDispatcher with 12 workers.
 -> (artifact id: 'd8014b492f1a945f585d074b0c924870') in 0.000431 seconds
Number of updated asset objects reloaded before import = 0
Number of asset objects unloaded after import = 0
========================================================================
Received Prepare
Caller must complete domain reload
Begin MonoManager ReloadAssembly
- Loaded All Assemblies, in  0.664 seconds
Native extension for WindowsStandalone target not found
Native extension for Android target not found
Native extension for OSXStandalone target not found
[Package Manager] Server::EnsureServerProcessIsRunning -- launch failed, reason: Unity was launched with the -noUpm command-line argument
[Package Manager] UpmClient::Send -- Unable to send message (not connected to UPM process).
[Package Manager] Cannot connect to Unity Package Manager local server
Mono: successfully reloaded assembly
- Finished resetting the current domain, in  2.104 seconds
Domain Reload Profiling: 2769ms
	BeginReloadAssembly (265ms)
		ExecutionOrderSort (0ms)
		DisableScriptedObjects (21ms)
		BackupInstance (0ms)
		ReleaseScriptingObjects (0ms)
		CreateAndSetChildDomain (111ms)
	RebuildCommonClasses (45ms)
	RebuildNativeTypeToScriptingClass (14ms)
	initialDomainReloadingComplete (30ms)
	LoadAllAssembliesAndSetupDomain (312ms)
		LoadAssemblies (340ms)
		RebuildTransferFunctionScriptingTraits (0ms)
		AnalyzeDomain (64ms)
			TypeCache.Refresh (13ms)
				TypeCache.ScanAssembly (0ms)
			ScanForSourceGeneratedMonoScriptInfo (32ms)
			ResolveRequiredComponents (16ms)
	FinalizeReload (2104ms)
		ReleaseScriptCaches (0ms)
		RebuildScriptCaches (0ms)
		SetupLoadedEditorAssemblies (659ms)
			LogAssemblyErrors (0ms)
			InitializePlatformSupportModulesInManaged (26ms)
			SetLoadedEditorAssemblies (5ms)
			RefreshPlugins (0ms)
			BeforeProcessingInitializeOnLoad (71ms)
			ProcessInitializeOnLoadAttributes (487ms)
			ProcessInitializeOnLoadMethodAttributes (69ms)
			AfterProcessingInitializeOnLoad (1ms)
			EditorAssembliesLoaded (0ms)
		ExecutionOrderSort2 (0ms)
		AwakeInstancesAfterBackupRestoration (16ms)
Refreshing native plugins compatible for Editor in 1.53 ms, found 3 plugins.
Preloading 0 native plugins for Editor in 0.00 ms.
Unloading 5524 Unused Serialized files (Serialized files now loaded: 0)
Unloading 21 unused Assets / (355.7 KB). Loaded Objects now: 6238.
Memory consumption went from 315.6 MB to 315.2 MB.
Total: 5.573961 ms (FindLiveObjects: 0.541773 ms CreateObjectMapping: 0.471279 ms MarkObjects: 4.340412 ms  DeleteObjects: 0.219383 ms)

Prepare: number of updated asset objects reloaded= 0
AssetImportParameters requested are different than current active one (requested -> active):
  custom:container-demuxer-ogg: 62fdf1f143b41e24485cea50d1cbac27 -> 
  custom:video-decoder-ogg-theora: a1e56fd34408186e4bbccfd4996cb3dc -> 
  custom:CustomObjectIndexerAttribute: 72b91833f83ae208fae7752999fa3104 -> 
  custom:container-demuxer-webm: 4f35f7cbe854078d1ac9338744f61a02 -> 
  custom:container-muxer-webm: aa71ff27fc2769a1b78a27578f13a17b -> 
  custom:video-decoder-webm-vp8: 9c59270c3fd7afecdb556c50c9e8de78 -> 
  custom:SearchIndexIgnoredProperties: e643bd26f0fe6173181afceb89e7c659 -> 
  custom:AudioImporter_EditorPlatform: 3918e3fc78b5a79bad01e8451be0beb8 -> 
  custom:framework-osx-AVFoundation: b23960f63f64bdc6ff669e2cdcee2391 -> 
  custom:video-encoder-webm-vp8: eb34c28f22e8b96e1ab97ce403110664 -> 
  custom:audio-decoder-ogg-vorbis: bf7c407c2cedff20999df2af8eb42d56 -> 
  custom:audio-encoder-webm-vorbis: bf7c407c2cedff20999df2af8eb42d56 -> 
========================================================================
Received Import Request.
  Time since last request: 68.770350 seconds.
  path: Assets/Player_Env/P_Small.prefab
  artifactKey: Guid(d073805d1a9f04fa5aa19d1f779ace9c) Importer(815301076,1909f56bfc062723c751e8b465ee728b)
Start importing Assets/Player_Env/P_Small.prefab using Guid(d073805d1a9f04fa5aa19d1f779ace9c) Importer(815301076,1909f56bfc062723c751e8b465ee728b) [PhysX] Initialized MultithreadedTaskDispatcher with 12 workers.
 -> (artifact id: '869e159f3c7621eecbf451e5ecb19929') in 0.001748 seconds
Number of updated asset objects reloaded before import = 0
Number of asset objects unloaded after import = 0
========================================================================
Received Import Request.
  Time since last request: 0.773052 seconds.
  path: Assets/Player_Env/Loading_Canvas.prefab
  artifactKey: Guid(97529ec5572854c1baab8f2aab42c33b) Importer(815301076,1909f56bfc062723c751e8b465ee728b)
Start importing Assets/Player_Env/Loading_Canvas.prefab using Guid(97529ec5572854c1baab8f2aab42c33b) Importer(815301076,1909f56bfc062723c751e8b465ee728b) [PhysX] Initialized MultithreadedTaskDispatcher with 12 workers.
 -> (artifact id: 'd8014b492f1a945f585d074b0c924870') in 0.000501 seconds
Number of updated asset objects reloaded before import = 0
Number of asset objects unloaded after import = 0
========================================================================
Received Import Request.
  Time since last request: 2.067313 seconds.
  path: Assets/Player_Env/HSEFF.prefab
  artifactKey: Guid(7604bf852633f432191bc4e15f5ed5ab) Importer(815301076,1909f56bfc062723c751e8b465ee728b)
Start importing Assets/Player_Env/HSEFF.prefab using Guid(7604bf852633f432191bc4e15f5ed5ab) Importer(815301076,1909f56bfc062723c751e8b465ee728b) [PhysX] Initialized MultithreadedTaskDispatcher with 12 workers.
 -> (artifact id: '92ff444b0ab6e110054bb06ddc06ecda') in 0.030457 seconds
Number of updated asset objects reloaded before import = 0
Number of asset objects unloaded after import = 5
========================================================================
Received Import Request.
  Time since last request: 2.731168 seconds.
  path: Assets/Player_Env/Loading_Canvas.prefab
  artifactKey: Guid(97529ec5572854c1baab8f2aab42c33b) Importer(815301076,1909f56bfc062723c751e8b465ee728b)
Start importing Assets/Player_Env/Loading_Canvas.prefab using Guid(97529ec5572854c1baab8f2aab42c33b) Importer(815301076,1909f56bfc062723c751e8b465ee728b) [PhysX] Initialized MultithreadedTaskDispatcher with 12 workers.
 -> (artifact id: 'd8014b492f1a945f585d074b0c924870') in 0.000411 seconds
Number of updated asset objects reloaded before import = 0
Number of asset objects unloaded after import = 0
========================================================================
Received Prepare
Caller must complete domain reload
Begin MonoManager ReloadAssembly
- Loaded All Assemblies, in  0.602 seconds
Native extension for WindowsStandalone target not found
Native extension for Android target not found
Native extension for OSXStandalone target not found
[Package Manager] Server::EnsureServerProcessIsRunning -- launch failed, reason: Unity was launched with the -noUpm command-line argument
[Package Manager] UpmClient::Send -- Unable to send message (not connected to UPM process).
[Package Manager] Cannot connect to Unity Package Manager local server
Mono: successfully reloaded assembly
- Finished resetting the current domain, in  1.855 seconds
Domain Reload Profiling: 2457ms
	BeginReloadAssembly (177ms)
		ExecutionOrderSort (0ms)
		DisableScriptedObjects (14ms)
		BackupInstance (0ms)
		ReleaseScriptingObjects (0ms)
		CreateAndSetChildDomain (69ms)
	RebuildCommonClasses (43ms)
	RebuildNativeTypeToScriptingClass (13ms)
	initialDomainReloadingComplete (25ms)
	LoadAllAssembliesAndSetupDomain (344ms)
		LoadAssemblies (345ms)
		RebuildTransferFunctionScriptingTraits (0ms)
		AnalyzeDomain (62ms)
			TypeCache.Refresh (14ms)
				TypeCache.ScanAssembly (0ms)
			ScanForSourceGeneratedMonoScriptInfo (32ms)
			ResolveRequiredComponents (14ms)
	FinalizeReload (1855ms)
		ReleaseScriptCaches (0ms)
		RebuildScriptCaches (0ms)
		SetupLoadedEditorAssemblies (646ms)
			LogAssemblyErrors (0ms)
			InitializePlatformSupportModulesInManaged (24ms)
			SetLoadedEditorAssemblies (5ms)
			RefreshPlugins (0ms)
			BeforeProcessingInitializeOnLoad (73ms)
			ProcessInitializeOnLoadAttributes (473ms)
			ProcessInitializeOnLoadMethodAttributes (70ms)
			AfterProcessingInitializeOnLoad (1ms)
			EditorAssembliesLoaded (0ms)
		ExecutionOrderSort2 (0ms)
		AwakeInstancesAfterBackupRestoration (16ms)
Refreshing native plugins compatible for Editor in 1.53 ms, found 3 plugins.
Preloading 0 native plugins for Editor in 0.00 ms.
Unloading 5524 Unused Serialized files (Serialized files now loaded: 0)
Unloading 21 unused Assets / (355.7 KB). Loaded Objects now: 6243.
Memory consumption went from 314.6 MB to 314.2 MB.
Total: 5.037643 ms (FindLiveObjects: 0.626242 ms CreateObjectMapping: 0.567855 ms MarkObjects: 3.651346 ms  DeleteObjects: 0.191286 ms)

Prepare: number of updated asset objects reloaded= 0
AssetImportParameters requested are different than current active one (requested -> active):
  custom:container-demuxer-ogg: 62fdf1f143b41e24485cea50d1cbac27 -> 
  custom:video-decoder-ogg-theora: a1e56fd34408186e4bbccfd4996cb3dc -> 
  custom:CustomObjectIndexerAttribute: 72b91833f83ae208fae7752999fa3104 -> 
  custom:container-demuxer-webm: 4f35f7cbe854078d1ac9338744f61a02 -> 
  custom:container-muxer-webm: aa71ff27fc2769a1b78a27578f13a17b -> 
  custom:video-decoder-webm-vp8: 9c59270c3fd7afecdb556c50c9e8de78 -> 
  custom:SearchIndexIgnoredProperties: e643bd26f0fe6173181afceb89e7c659 -> 
  custom:AudioImporter_EditorPlatform: 3918e3fc78b5a79bad01e8451be0beb8 -> 
  custom:framework-osx-AVFoundation: b23960f63f64bdc6ff669e2cdcee2391 -> 
  custom:video-encoder-webm-vp8: eb34c28f22e8b96e1ab97ce403110664 -> 
  custom:audio-decoder-ogg-vorbis: bf7c407c2cedff20999df2af8eb42d56 -> 
  custom:audio-encoder-webm-vorbis: bf7c407c2cedff20999df2af8eb42d56 -> 
========================================================================
Received Import Request.
  Time since last request: 20.130090 seconds.
  path: Assets/Player_Env/P_Small.prefab
  artifactKey: Guid(d073805d1a9f04fa5aa19d1f779ace9c) Importer(815301076,1909f56bfc062723c751e8b465ee728b)
Start importing Assets/Player_Env/P_Small.prefab using Guid(d073805d1a9f04fa5aa19d1f779ace9c) Importer(815301076,1909f56bfc062723c751e8b465ee728b) [PhysX] Initialized MultithreadedTaskDispatcher with 12 workers.
 -> (artifact id: '869e159f3c7621eecbf451e5ecb19929') in 0.001560 seconds
Number of updated asset objects reloaded before import = 0
Number of asset objects unloaded after import = 0
========================================================================
Received Import Request.
  Time since last request: 4.758490 seconds.
  path: Assets/Enemy_Env/Enemy.prefab
  artifactKey: Guid(86d68384f03e346788c8889cbdd3c636) Importer(815301076,1909f56bfc062723c751e8b465ee728b)
Start importing Assets/Enemy_Env/Enemy.prefab using Guid(86d68384f03e346788c8889cbdd3c636) Importer(815301076,1909f56bfc062723c751e8b465ee728b) [PhysX] Initialized MultithreadedTaskDispatcher with 12 workers.
 -> (artifact id: '462ecf80ca38b1685cdaba07b8a9b10b') in 0.000425 seconds
Number of updated asset objects reloaded before import = 0
Number of asset objects unloaded after import = 0
========================================================================
Received Import Request.
  Time since last request: 0.000050 seconds.
  path: Assets/Enemy_Env/Enemy_Boss4.prefab
  artifactKey: Guid(7ebeb0386bad94b189f1520a33de4162) Importer(815301076,1909f56bfc062723c751e8b465ee728b)
Start importing Assets/Enemy_Env/Enemy_Boss4.prefab using Guid(7ebeb0386bad94b189f1520a33de4162) Importer(815301076,1909f56bfc062723c751e8b465ee728b) [PhysX] Initialized MultithreadedTaskDispatcher with 12 workers.
 -> (artifact id: '408678feaefcb864ff53359ad280340e') in 0.000378 seconds
Number of updated asset objects reloaded before import = 0
Number of asset objects unloaded after import = 0
========================================================================
Received Import Request.
  Time since last request: 4.848424 seconds.
  path: Assets/Player_Env/Loading_Canvas.prefab
  artifactKey: Guid(97529ec5572854c1baab8f2aab42c33b) Importer(815301076,1909f56bfc062723c751e8b465ee728b)
Start importing Assets/Player_Env/Loading_Canvas.prefab using Guid(97529ec5572854c1baab8f2aab42c33b) Importer(815301076,1909f56bfc062723c751e8b465ee728b) [PhysX] Initialized MultithreadedTaskDispatcher with 12 workers.
 -> (artifact id: 'd8014b492f1a945f585d074b0c924870') in 0.000942 seconds
Number of updated asset objects reloaded before import = 0
Number of asset objects unloaded after import = 0
========================================================================
Received Prepare
Caller must complete domain reload
Begin MonoManager ReloadAssembly
- Loaded All Assemblies, in  0.611 seconds
Native extension for WindowsStandalone target not found
Native extension for Android target not found
Native extension for OSXStandalone target not found
[Package Manager] Server::EnsureServerProcessIsRunning -- launch failed, reason: Unity was launched with the -noUpm command-line argument
[Package Manager] UpmClient::Send -- Unable to send message (not connected to UPM process).
[Package Manager] Cannot connect to Unity Package Manager local server
Mono: successfully reloaded assembly
- Finished resetting the current domain, in  1.210 seconds
Domain Reload Profiling: 1820ms
	BeginReloadAssembly (196ms)
		ExecutionOrderSort (0ms)
		DisableScriptedObjects (14ms)
		BackupInstance (0ms)
		ReleaseScriptingObjects (0ms)
		CreateAndSetChildDomain (78ms)
	RebuildCommonClasses (44ms)
	RebuildNativeTypeToScriptingClass (13ms)
	initialDomainReloadingComplete (44ms)
	LoadAllAssembliesAndSetupDomain (313ms)
		LoadAssemblies (358ms)
		RebuildTransferFunctionScriptingTraits (0ms)
		AnalyzeDomain (26ms)
			TypeCache.Refresh (9ms)
				TypeCache.ScanAssembly (0ms)
			ScanForSourceGeneratedMonoScriptInfo (0ms)
			ResolveRequiredComponents (14ms)
	FinalizeReload (1210ms)
		ReleaseScriptCaches (0ms)
		RebuildScriptCaches (0ms)
		SetupLoadedEditorAssemblies (645ms)
			LogAssemblyErrors (0ms)
			InitializePlatformSupportModulesInManaged (23ms)
			SetLoadedEditorAssemblies (5ms)
			RefreshPlugins (0ms)
			BeforeProcessingInitializeOnLoad (72ms)
			ProcessInitializeOnLoadAttributes (475ms)
			ProcessInitializeOnLoadMethodAttributes (69ms)
			AfterProcessingInitializeOnLoad (1ms)
			EditorAssembliesLoaded (0ms)
		ExecutionOrderSort2 (0ms)
		AwakeInstancesAfterBackupRestoration (16ms)
Refreshing native plugins compatible for Editor in 1.56 ms, found 3 plugins.
Preloading 0 native plugins for Editor in 0.00 ms.
Unloading 5524 Unused Serialized files (Serialized files now loaded: 0)
Unloading 21 unused Assets / (355.7 KB). Loaded Objects now: 6248.
Memory consumption went from 312.8 MB to 312.4 MB.
Total: 4.995478 ms (FindLiveObjects: 0.436171 ms CreateObjectMapping: 0.560960 ms MarkObjects: 3.779926 ms  DeleteObjects: 0.217398 ms)

Prepare: number of updated asset objects reloaded= 0
AssetImportParameters requested are different than current active one (requested -> active):
  custom:container-demuxer-ogg: 62fdf1f143b41e24485cea50d1cbac27 -> 
  custom:video-decoder-ogg-theora: a1e56fd34408186e4bbccfd4996cb3dc -> 
  custom:CustomObjectIndexerAttribute: 72b91833f83ae208fae7752999fa3104 -> 
  custom:container-demuxer-webm: 4f35f7cbe854078d1ac9338744f61a02 -> 
  custom:container-muxer-webm: aa71ff27fc2769a1b78a27578f13a17b -> 
  custom:video-decoder-webm-vp8: 9c59270c3fd7afecdb556c50c9e8de78 -> 
  custom:SearchIndexIgnoredProperties: e643bd26f0fe6173181afceb89e7c659 -> 
  custom:AudioImporter_EditorPlatform: 3918e3fc78b5a79bad01e8451be0beb8 -> 
  custom:framework-osx-AVFoundation: b23960f63f64bdc6ff669e2cdcee2391 -> 
  custom:video-encoder-webm-vp8: eb34c28f22e8b96e1ab97ce403110664 -> 
  custom:audio-decoder-ogg-vorbis: bf7c407c2cedff20999df2af8eb42d56 -> 
  custom:audio-encoder-webm-vorbis: bf7c407c2cedff20999df2af8eb42d56 -> 
========================================================================
Received Import Request.
  Time since last request: 7.759793 seconds.
  path: Assets/Player_Env/Loading_Canvas.prefab
  artifactKey: Guid(97529ec5572854c1baab8f2aab42c33b) Importer(815301076,1909f56bfc062723c751e8b465ee728b)
Start importing Assets/Player_Env/Loading_Canvas.prefab using Guid(97529ec5572854c1baab8f2aab42c33b) Importer(815301076,1909f56bfc062723c751e8b465ee728b) [PhysX] Initialized MultithreadedTaskDispatcher with 12 workers.
 -> (artifact id: 'd8014b492f1a945f585d074b0c924870') in 0.002736 seconds
Number of updated asset objects reloaded before import = 0
Number of asset objects unloaded after import = 0
========================================================================
Received Import Request.
  Time since last request: 6.758335 seconds.
  path: Assets/Player_Env/HSEFF.prefab
  artifactKey: Guid(7604bf852633f432191bc4e15f5ed5ab) Importer(815301076,1909f56bfc062723c751e8b465ee728b)
Start importing Assets/Player_Env/HSEFF.prefab using Guid(7604bf852633f432191bc4e15f5ed5ab) Importer(815301076,1909f56bfc062723c751e8b465ee728b) [PhysX] Initialized MultithreadedTaskDispatcher with 12 workers.
 -> (artifact id: '50ef16b46d8744f1674779bb0cb08cdf') in 0.000490 seconds
Number of updated asset objects reloaded before import = 0
Number of asset objects unloaded after import = 0
========================================================================
Received Import Request.
  Time since last request: 0.014956 seconds.
  path: Assets/Player_Env/Loading_Canvas.prefab
  artifactKey: Guid(97529ec5572854c1baab8f2aab42c33b) Importer(815301076,1909f56bfc062723c751e8b465ee728b)
Start importing Assets/Player_Env/Loading_Canvas.prefab using Guid(97529ec5572854c1baab8f2aab42c33b) Importer(815301076,1909f56bfc062723c751e8b465ee728b) [PhysX] Initialized MultithreadedTaskDispatcher with 12 workers.
 -> (artifact id: 'd8014b492f1a945f585d074b0c924870') in 0.000479 seconds
Number of updated asset objects reloaded before import = 0
Number of asset objects unloaded after import = 0
========================================================================
Received Import Request.
  Time since last request: 1.317137 seconds.
  path: Assets/Player_Env/HSEFF.prefab
  artifactKey: Guid(7604bf852633f432191bc4e15f5ed5ab) Importer(815301076,1909f56bfc062723c751e8b465ee728b)
Start importing Assets/Player_Env/HSEFF.prefab using Guid(7604bf852633f432191bc4e15f5ed5ab) Importer(815301076,1909f56bfc062723c751e8b465ee728b) [PhysX] Initialized MultithreadedTaskDispatcher with 12 workers.
 -> (artifact id: '50ef16b46d8744f1674779bb0cb08cdf') in 0.001362 seconds
Number of updated asset objects reloaded before import = 0
Number of asset objects unloaded after import = 0
========================================================================
Received Prepare
Caller must complete domain reload
Begin MonoManager ReloadAssembly
- Loaded All Assemblies, in  0.684 seconds
Native extension for WindowsStandalone target not found
Native extension for Android target not found
Native extension for OSXStandalone target not found
[Package Manager] Server::EnsureServerProcessIsRunning -- launch failed, reason: Unity was launched with the -noUpm command-line argument
[Package Manager] UpmClient::Send -- Unable to send message (not connected to UPM process).
[Package Manager] Cannot connect to Unity Package Manager local server
Mono: successfully reloaded assembly
- Finished resetting the current domain, in  1.922 seconds
Domain Reload Profiling: 2611ms
	BeginReloadAssembly (177ms)
		ExecutionOrderSort (0ms)
		DisableScriptedObjects (12ms)
		BackupInstance (0ms)
		ReleaseScriptingObjects (0ms)
		CreateAndSetChildDomain (68ms)
	RebuildCommonClasses (42ms)
	RebuildNativeTypeToScriptingClass (13ms)
	initialDomainReloadingComplete (24ms)
	LoadAllAssembliesAndSetupDomain (432ms)
		LoadAssemblies (438ms)
		RebuildTransferFunctionScriptingTraits (0ms)
		AnalyzeDomain (50ms)
			TypeCache.Refresh (30ms)
				TypeCache.ScanAssembly (0ms)
			ScanForSourceGeneratedMonoScriptInfo (1ms)
			ResolveRequiredComponents (16ms)
	FinalizeReload (1923ms)
		ReleaseScriptCaches (0ms)
		RebuildScriptCaches (0ms)
		SetupLoadedEditorAssemblies (687ms)
			LogAssemblyErrors (0ms)
			InitializePlatformSupportModulesInManaged (24ms)
			SetLoadedEditorAssemblies (6ms)
			RefreshPlugins (0ms)
			BeforeProcessingInitializeOnLoad (79ms)
			ProcessInitializeOnLoadAttributes (504ms)
			ProcessInitializeOnLoadMethodAttributes (72ms)
			AfterProcessingInitializeOnLoad (1ms)
			EditorAssembliesLoaded (0ms)
		ExecutionOrderSort2 (0ms)
		AwakeInstancesAfterBackupRestoration (17ms)
Refreshing native plugins compatible for Editor in 1.63 ms, found 3 plugins.
Preloading 0 native plugins for Editor in 0.00 ms.
Unloading 5524 Unused Serialized files (Serialized files now loaded: 0)
Unloading 21 unused Assets / (355.8 KB). Loaded Objects now: 6253.
Memory consumption went from 311.8 MB to 311.4 MB.
Total: 5.907558 ms (FindLiveObjects: 0.473247 ms CreateObjectMapping: 0.422183 ms MarkObjects: 4.689944 ms  DeleteObjects: 0.321119 ms)

Prepare: number of updated asset objects reloaded= 0
AssetImportParameters requested are different than current active one (requested -> active):
  custom:container-demuxer-ogg: 62fdf1f143b41e24485cea50d1cbac27 -> 
  custom:video-decoder-ogg-theora: a1e56fd34408186e4bbccfd4996cb3dc -> 
  custom:CustomObjectIndexerAttribute: 72b91833f83ae208fae7752999fa3104 -> 
  custom:container-demuxer-webm: 4f35f7cbe854078d1ac9338744f61a02 -> 
  custom:container-muxer-webm: aa71ff27fc2769a1b78a27578f13a17b -> 
  custom:video-decoder-webm-vp8: 9c59270c3fd7afecdb556c50c9e8de78 -> 
  custom:SearchIndexIgnoredProperties: e643bd26f0fe6173181afceb89e7c659 -> 
  custom:AudioImporter_EditorPlatform: 3918e3fc78b5a79bad01e8451be0beb8 -> 
  custom:framework-osx-AVFoundation: b23960f63f64bdc6ff669e2cdcee2391 -> 
  custom:video-encoder-webm-vp8: eb34c28f22e8b96e1ab97ce403110664 -> 
  custom:audio-decoder-ogg-vorbis: bf7c407c2cedff20999df2af8eb42d56 -> 
  custom:audio-encoder-webm-vorbis: bf7c407c2cedff20999df2af8eb42d56 -> 
========================================================================
Received Import Request.
  Time since last request: 8.150295 seconds.
  path: Assets/Player_Env/Loading_Canvas.prefab
  artifactKey: Guid(97529ec5572854c1baab8f2aab42c33b) Importer(815301076,1909f56bfc062723c751e8b465ee728b)
Start importing Assets/Player_Env/Loading_Canvas.prefab using Guid(97529ec5572854c1baab8f2aab42c33b) Importer(815301076,1909f56bfc062723c751e8b465ee728b) [PhysX] Initialized MultithreadedTaskDispatcher with 12 workers.
 -> (artifact id: 'd8014b492f1a945f585d074b0c924870') in 0.002005 seconds
Number of updated asset objects reloaded before import = 0
Number of asset objects unloaded after import = 0
========================================================================
Received Prepare
Caller must complete domain reload
Begin MonoManager ReloadAssembly
- Loaded All Assemblies, in  0.600 seconds
Native extension for WindowsStandalone target not found
Native extension for Android target not found
Native extension for OSXStandalone target not found
[Package Manager] Server::EnsureServerProcessIsRunning -- launch failed, reason: Unity was launched with the -noUpm command-line argument
[Package Manager] UpmClient::Send -- Unable to send message (not connected to UPM process).
[Package Manager] Cannot connect to Unity Package Manager local server
Mono: successfully reloaded assembly
- Finished resetting the current domain, in  2.030 seconds
Domain Reload Profiling: 2630ms
	BeginReloadAssembly (195ms)
		ExecutionOrderSort (0ms)
		DisableScriptedObjects (13ms)
		BackupInstance (0ms)
		ReleaseScriptingObjects (0ms)
		CreateAndSetChildDomain (78ms)
	RebuildCommonClasses (42ms)
	RebuildNativeTypeToScriptingClass (13ms)
	initialDomainReloadingComplete (29ms)
	LoadAllAssembliesAndSetupDomain (320ms)
		LoadAssemblies (363ms)
		RebuildTransferFunctionScriptingTraits (0ms)
		AnalyzeDomain (27ms)
			TypeCache.Refresh (10ms)
				TypeCache.ScanAssembly (0ms)
			ScanForSourceGeneratedMonoScriptInfo (0ms)
			ResolveRequiredComponents (14ms)
	FinalizeReload (2031ms)
		ReleaseScriptCaches (0ms)
		RebuildScriptCaches (0ms)
		SetupLoadedEditorAssemblies (671ms)
			LogAssemblyErrors (0ms)
			InitializePlatformSupportModulesInManaged (25ms)
			SetLoadedEditorAssemblies (6ms)
			RefreshPlugins (0ms)
			BeforeProcessingInitializeOnLoad (76ms)
			ProcessInitializeOnLoadAttributes (491ms)
			ProcessInitializeOnLoadMethodAttributes (72ms)
			AfterProcessingInitializeOnLoad (1ms)
			EditorAssembliesLoaded (0ms)
		ExecutionOrderSort2 (0ms)
		AwakeInstancesAfterBackupRestoration (16ms)
Refreshing native plugins compatible for Editor in 4.10 ms, found 3 plugins.
Preloading 0 native plugins for Editor in 0.00 ms.
Unloading 5524 Unused Serialized files (Serialized files now loaded: 0)
Unloading 21 unused Assets / (355.9 KB). Loaded Objects now: 6258.
Memory consumption went from 310.7 MB to 310.4 MB.
Total: 4.966081 ms (FindLiveObjects: 0.512754 ms CreateObjectMapping: 0.472091 ms MarkObjects: 3.788340 ms  DeleteObjects: 0.191366 ms)

Prepare: number of updated asset objects reloaded= 0
AssetImportParameters requested are different than current active one (requested -> active):
  custom:container-demuxer-ogg: 62fdf1f143b41e24485cea50d1cbac27 -> 
  custom:video-decoder-ogg-theora: a1e56fd34408186e4bbccfd4996cb3dc -> 
  custom:CustomObjectIndexerAttribute: 72b91833f83ae208fae7752999fa3104 -> 
  custom:container-demuxer-webm: 4f35f7cbe854078d1ac9338744f61a02 -> 
  custom:container-muxer-webm: aa71ff27fc2769a1b78a27578f13a17b -> 
  custom:video-decoder-webm-vp8: 9c59270c3fd7afecdb556c50c9e8de78 -> 
  custom:SearchIndexIgnoredProperties: e643bd26f0fe6173181afceb89e7c659 -> 
  custom:AudioImporter_EditorPlatform: 3918e3fc78b5a79bad01e8451be0beb8 -> 
  custom:framework-osx-AVFoundation: b23960f63f64bdc6ff669e2cdcee2391 -> 
  custom:video-encoder-webm-vp8: eb34c28f22e8b96e1ab97ce403110664 -> 
  custom:audio-decoder-ogg-vorbis: bf7c407c2cedff20999df2af8eb42d56 -> 
  custom:audio-encoder-webm-vorbis: bf7c407c2cedff20999df2af8eb42d56 -> 
========================================================================
Received Import Request.
  Time since last request: 138.961866 seconds.
  path: Assets/Player_Env/P_Small.prefab
  artifactKey: Guid(d073805d1a9f04fa5aa19d1f779ace9c) Importer(815301076,1909f56bfc062723c751e8b465ee728b)
Start importing Assets/Player_Env/P_Small.prefab using Guid(d073805d1a9f04fa5aa19d1f779ace9c) Importer(815301076,1909f56bfc062723c751e8b465ee728b) [PhysX] Initialized MultithreadedTaskDispatcher with 12 workers.
 -> (artifact id: '18b102a7752c128923034f51c64673fd') in 0.001587 seconds
Number of updated asset objects reloaded before import = 0
Number of asset objects unloaded after import = 0
========================================================================
Received Import Request.
  Time since last request: 0.000059 seconds.
  path: Assets/Player_Env/HSEFF.prefab
  artifactKey: Guid(7604bf852633f432191bc4e15f5ed5ab) Importer(815301076,1909f56bfc062723c751e8b465ee728b)
Start importing Assets/Player_Env/HSEFF.prefab using Guid(7604bf852633f432191bc4e15f5ed5ab) Importer(815301076,1909f56bfc062723c751e8b465ee728b) [PhysX] Initialized MultithreadedTaskDispatcher with 12 workers.
 -> (artifact id: '50ef16b46d8744f1674779bb0cb08cdf') in 0.000392 seconds
Number of updated asset objects reloaded before import = 0
Number of asset objects unloaded after import = 0
========================================================================
Received Prepare
Caller must complete domain reload
Begin MonoManager ReloadAssembly
- Loaded All Assemblies, in  0.747 seconds
Native extension for WindowsStandalone target not found
Native extension for Android target not found
Native extension for OSXStandalone target not found
[Package Manager] Server::EnsureServerProcessIsRunning -- launch failed, reason: Unity was launched with the -noUpm command-line argument
[Package Manager] UpmClient::Send -- Unable to send message (not connected to UPM process).
[Package Manager] Cannot connect to Unity Package Manager local server
Mono: successfully reloaded assembly
- Finished resetting the current domain, in  2.160 seconds
Domain Reload Profiling: 2908ms
	BeginReloadAssembly (269ms)
		ExecutionOrderSort (0ms)
		DisableScriptedObjects (24ms)
		BackupInstance (0ms)
		ReleaseScriptingObjects (2ms)
		CreateAndSetChildDomain (117ms)
	RebuildCommonClasses (43ms)
	RebuildNativeTypeToScriptingClass (13ms)
	initialDomainReloadingComplete (46ms)
	LoadAllAssembliesAndSetupDomain (376ms)
		LoadAssemblies (424ms)
		RebuildTransferFunctionScriptingTraits (0ms)
		AnalyzeDomain (33ms)
			TypeCache.Refresh (13ms)
				TypeCache.ScanAssembly (0ms)
			ScanForSourceGeneratedMonoScriptInfo (0ms)
			ResolveRequiredComponents (17ms)
	FinalizeReload (2161ms)
		ReleaseScriptCaches (0ms)
		RebuildScriptCaches (0ms)
		SetupLoadedEditorAssemblies (693ms)
			LogAssemblyErrors (0ms)
			InitializePlatformSupportModulesInManaged (27ms)
			SetLoadedEditorAssemblies (6ms)
			RefreshPlugins (0ms)
			BeforeProcessingInitializeOnLoad (79ms)
			ProcessInitializeOnLoadAttributes (509ms)
			ProcessInitializeOnLoadMethodAttributes (72ms)
			AfterProcessingInitializeOnLoad (1ms)
			EditorAssembliesLoaded (0ms)
		ExecutionOrderSort2 (0ms)
		AwakeInstancesAfterBackupRestoration (17ms)
Refreshing native plugins compatible for Editor in 1.79 ms, found 3 plugins.
Preloading 0 native plugins for Editor in 0.00 ms.
Unloading 5524 Unused Serialized files (Serialized files now loaded: 0)
Unloading 21 unused Assets / (355.8 KB). Loaded Objects now: 6263.
Memory consumption went from 309.6 MB to 309.2 MB.
Total: 6.161621 ms (FindLiveObjects: 0.565655 ms CreateObjectMapping: 0.542714 ms MarkObjects: 4.817386 ms  DeleteObjects: 0.234818 ms)

Prepare: number of updated asset objects reloaded= 0
AssetImportParameters requested are different than current active one (requested -> active):
  custom:container-demuxer-ogg: 62fdf1f143b41e24485cea50d1cbac27 -> 
  custom:video-decoder-ogg-theora: a1e56fd34408186e4bbccfd4996cb3dc -> 
  custom:CustomObjectIndexerAttribute: 72b91833f83ae208fae7752999fa3104 -> 
  custom:container-demuxer-webm: 4f35f7cbe854078d1ac9338744f61a02 -> 
  custom:container-muxer-webm: aa71ff27fc2769a1b78a27578f13a17b -> 
  custom:video-decoder-webm-vp8: 9c59270c3fd7afecdb556c50c9e8de78 -> 
  custom:SearchIndexIgnoredProperties: e643bd26f0fe6173181afceb89e7c659 -> 
  custom:AudioImporter_EditorPlatform: 3918e3fc78b5a79bad01e8451be0beb8 -> 
  custom:framework-osx-AVFoundation: b23960f63f64bdc6ff669e2cdcee2391 -> 
  custom:video-encoder-webm-vp8: eb34c28f22e8b96e1ab97ce403110664 -> 
  custom:audio-decoder-ogg-vorbis: bf7c407c2cedff20999df2af8eb42d56 -> 
  custom:audio-encoder-webm-vorbis: bf7c407c2cedff20999df2af8eb42d56 -> 
========================================================================
Received Import Request.
  Time since last request: 388.829686 seconds.
  path: Assets/Player_Env/P_Small.prefab
  artifactKey: Guid(d073805d1a9f04fa5aa19d1f779ace9c) Importer(815301076,1909f56bfc062723c751e8b465ee728b)
Start importing Assets/Player_Env/P_Small.prefab using Guid(d073805d1a9f04fa5aa19d1f779ace9c) Importer(815301076,1909f56bfc062723c751e8b465ee728b) [PhysX] Initialized MultithreadedTaskDispatcher with 12 workers.
 -> (artifact id: '18b102a7752c128923034f51c64673fd') in 0.001781 seconds
Number of updated asset objects reloaded before import = 0
Number of asset objects unloaded after import = 0
========================================================================
Received Import Request.
  Time since last request: 0.000064 seconds.
  path: Assets/Player_Env/HSEFF.prefab
  artifactKey: Guid(7604bf852633f432191bc4e15f5ed5ab) Importer(815301076,1909f56bfc062723c751e8b465ee728b)
Start importing Assets/Player_Env/HSEFF.prefab using Guid(7604bf852633f432191bc4e15f5ed5ab) Importer(815301076,1909f56bfc062723c751e8b465ee728b) [PhysX] Initialized MultithreadedTaskDispatcher with 12 workers.
 -> (artifact id: '50ef16b46d8744f1674779bb0cb08cdf') in 0.000422 seconds
Number of updated asset objects reloaded before import = 0
Number of asset objects unloaded after import = 0
========================================================================
Received Prepare
Caller must complete domain reload
Begin MonoManager ReloadAssembly
- Loaded All Assemblies, in  0.957 seconds
Native extension for WindowsStandalone target not found
Native extension for Android target not found
Native extension for OSXStandalone target not found
[Package Manager] Server::EnsureServerProcessIsRunning -- launch failed, reason: Unity was launched with the -noUpm command-line argument
[Package Manager] UpmClient::Send -- Unable to send message (not connected to UPM process).
[Package Manager] Cannot connect to Unity Package Manager local server
Mono: successfully reloaded assembly
- Finished resetting the current domain, in  2.125 seconds
Domain Reload Profiling: 3084ms
	BeginReloadAssembly (334ms)
		ExecutionOrderSort (0ms)
		DisableScriptedObjects (25ms)
		BackupInstance (0ms)
		ReleaseScriptingObjects (1ms)
		CreateAndSetChildDomain (147ms)
	RebuildCommonClasses (49ms)
	RebuildNativeTypeToScriptingClass (20ms)
	initialDomainReloadingComplete (37ms)
	LoadAllAssembliesAndSetupDomain (518ms)
		LoadAssemblies (576ms)
		RebuildTransferFunctionScriptingTraits (0ms)
		AnalyzeDomain (55ms)
			TypeCache.Refresh (36ms)
				TypeCache.ScanAssembly (0ms)
			ScanForSourceGeneratedMonoScriptInfo (0ms)
			ResolveRequiredComponents (17ms)
	FinalizeReload (2125ms)
		ReleaseScriptCaches (0ms)
		RebuildScriptCaches (0ms)
		SetupLoadedEditorAssemblies (704ms)
			LogAssemblyErrors (0ms)
			InitializePlatformSupportModulesInManaged (27ms)
			SetLoadedEditorAssemblies (6ms)
			RefreshPlugins (0ms)
			BeforeProcessingInitializeOnLoad (77ms)
			ProcessInitializeOnLoadAttributes (514ms)
			ProcessInitializeOnLoadMethodAttributes (77ms)
			AfterProcessingInitializeOnLoad (1ms)
			EditorAssembliesLoaded (0ms)
		ExecutionOrderSort2 (0ms)
		AwakeInstancesAfterBackupRestoration (16ms)
Refreshing native plugins compatible for Editor in 3.96 ms, found 3 plugins.
Preloading 0 native plugins for Editor in 0.00 ms.
Unloading 5524 Unused Serialized files (Serialized files now loaded: 0)
Unloading 21 unused Assets / (355.9 KB). Loaded Objects now: 6268.
Memory consumption went from 308.6 MB to 308.3 MB.
Total: 8.798891 ms (FindLiveObjects: 0.542925 ms CreateObjectMapping: 0.428710 ms MarkObjects: 7.563458 ms  DeleteObjects: 0.262505 ms)

Prepare: number of updated asset objects reloaded= 0
AssetImportParameters requested are different than current active one (requested -> active):
  custom:container-demuxer-ogg: 62fdf1f143b41e24485cea50d1cbac27 -> 
  custom:video-decoder-ogg-theora: a1e56fd34408186e4bbccfd4996cb3dc -> 
  custom:CustomObjectIndexerAttribute: 72b91833f83ae208fae7752999fa3104 -> 
  custom:container-demuxer-webm: 4f35f7cbe854078d1ac9338744f61a02 -> 
  custom:container-muxer-webm: aa71ff27fc2769a1b78a27578f13a17b -> 
  custom:video-decoder-webm-vp8: 9c59270c3fd7afecdb556c50c9e8de78 -> 
  custom:SearchIndexIgnoredProperties: e643bd26f0fe6173181afceb89e7c659 -> 
  custom:AudioImporter_EditorPlatform: 3918e3fc78b5a79bad01e8451be0beb8 -> 
  custom:framework-osx-AVFoundation: b23960f63f64bdc6ff669e2cdcee2391 -> 
  custom:video-encoder-webm-vp8: eb34c28f22e8b96e1ab97ce403110664 -> 
  custom:audio-decoder-ogg-vorbis: bf7c407c2cedff20999df2af8eb42d56 -> 
  custom:audio-encoder-webm-vorbis: bf7c407c2cedff20999df2af8eb42d56 -> 
========================================================================
Received Import Request.
  Time since last request: 382.999733 seconds.
  path: Assets/Player_Env/P_Small.prefab
  artifactKey: Guid(d073805d1a9f04fa5aa19d1f779ace9c) Importer(815301076,1909f56bfc062723c751e8b465ee728b)
Start importing Assets/Player_Env/P_Small.prefab using Guid(d073805d1a9f04fa5aa19d1f779ace9c) Importer(815301076,1909f56bfc062723c751e8b465ee728b) [PhysX] Initialized MultithreadedTaskDispatcher with 12 workers.
 -> (artifact id: '18b102a7752c128923034f51c64673fd') in 0.005506 seconds
Number of updated asset objects reloaded before import = 0
Number of asset objects unloaded after import = 0
========================================================================
Received Prepare
Caller must complete domain reload
Begin MonoManager ReloadAssembly
- Loaded All Assemblies, in  0.782 seconds
Native extension for WindowsStandalone target not found
Native extension for Android target not found
Native extension for OSXStandalone target not found
[Package Manager] Server::EnsureServerProcessIsRunning -- launch failed, reason: Unity was launched with the -noUpm command-line argument
[Package Manager] UpmClient::Send -- Unable to send message (not connected to UPM process).
[Package Manager] Cannot connect to Unity Package Manager local server
Mono: successfully reloaded assembly
- Finished resetting the current domain, in  2.177 seconds
Domain Reload Profiling: 2961ms
	BeginReloadAssembly (278ms)
		ExecutionOrderSort (0ms)
		DisableScriptedObjects (24ms)
		BackupInstance (0ms)
		ReleaseScriptingObjects (0ms)
		CreateAndSetChildDomain (118ms)
	RebuildCommonClasses (46ms)
	RebuildNativeTypeToScriptingClass (14ms)
	initialDomainReloadingComplete (41ms)
	LoadAllAssembliesAndSetupDomain (404ms)
		LoadAssemblies (462ms)
		RebuildTransferFunctionScriptingTraits (0ms)
		AnalyzeDomain (32ms)
			TypeCache.Refresh (11ms)
				TypeCache.ScanAssembly (0ms)
			ScanForSourceGeneratedMonoScriptInfo (0ms)
			ResolveRequiredComponents (17ms)
	FinalizeReload (2177ms)
		ReleaseScriptCaches (0ms)
		RebuildScriptCaches (0ms)
		SetupLoadedEditorAssemblies (731ms)
			LogAssemblyErrors (0ms)
			InitializePlatformSupportModulesInManaged (26ms)
			SetLoadedEditorAssemblies (7ms)
			RefreshPlugins (0ms)
			BeforeProcessingInitializeOnLoad (87ms)
			ProcessInitializeOnLoadAttributes (528ms)
			ProcessInitializeOnLoadMethodAttributes (82ms)
			AfterProcessingInitializeOnLoad (1ms)
			EditorAssembliesLoaded (0ms)
		ExecutionOrderSort2 (0ms)
		AwakeInstancesAfterBackupRestoration (18ms)
Refreshing native plugins compatible for Editor in 1.95 ms, found 3 plugins.
Preloading 0 native plugins for Editor in 0.00 ms.
Unloading 5524 Unused Serialized files (Serialized files now loaded: 0)
Unloading 21 unused Assets / (355.3 KB). Loaded Objects now: 6273.
Memory consumption went from 307.6 MB to 307.3 MB.
Total: 5.902624 ms (FindLiveObjects: 0.626852 ms CreateObjectMapping: 0.567528 ms MarkObjects: 4.519454 ms  DeleteObjects: 0.187465 ms)

Prepare: number of updated asset objects reloaded= 0
AssetImportParameters requested are different than current active one (requested -> active):
  custom:container-demuxer-ogg: 62fdf1f143b41e24485cea50d1cbac27 -> 
  custom:video-decoder-ogg-theora: a1e56fd34408186e4bbccfd4996cb3dc -> 
  custom:CustomObjectIndexerAttribute: 72b91833f83ae208fae7752999fa3104 -> 
  custom:container-demuxer-webm: 4f35f7cbe854078d1ac9338744f61a02 -> 
  custom:container-muxer-webm: aa71ff27fc2769a1b78a27578f13a17b -> 
  custom:video-decoder-webm-vp8: 9c59270c3fd7afecdb556c50c9e8de78 -> 
  custom:SearchIndexIgnoredProperties: e643bd26f0fe6173181afceb89e7c659 -> 
  custom:AudioImporter_EditorPlatform: 3918e3fc78b5a79bad01e8451be0beb8 -> 
  custom:framework-osx-AVFoundation: b23960f63f64bdc6ff669e2cdcee2391 -> 
  custom:video-encoder-webm-vp8: eb34c28f22e8b96e1ab97ce403110664 -> 
  custom:audio-decoder-ogg-vorbis: bf7c407c2cedff20999df2af8eb42d56 -> 
  custom:audio-encoder-webm-vorbis: bf7c407c2cedff20999df2af8eb42d56 -> 
========================================================================
Received Import Request.
  Time since last request: 101.800839 seconds.
  path: Assets/Player_Env/P_Small.prefab
  artifactKey: Guid(d073805d1a9f04fa5aa19d1f779ace9c) Importer(815301076,1909f56bfc062723c751e8b465ee728b)
Start importing Assets/Player_Env/P_Small.prefab using Guid(d073805d1a9f04fa5aa19d1f779ace9c) Importer(815301076,1909f56bfc062723c751e8b465ee728b) [PhysX] Initialized MultithreadedTaskDispatcher with 12 workers.
 -> (artifact id: '18b102a7752c128923034f51c64673fd') in 0.001955 seconds
Number of updated asset objects reloaded before import = 0
Number of asset objects unloaded after import = 0
========================================================================
Received Import Request.
  Time since last request: 0.000104 seconds.
  path: Assets/Player_Env/HSEFF.prefab
  artifactKey: Guid(7604bf852633f432191bc4e15f5ed5ab) Importer(815301076,1909f56bfc062723c751e8b465ee728b)
Start importing Assets/Player_Env/HSEFF.prefab using Guid(7604bf852633f432191bc4e15f5ed5ab) Importer(815301076,1909f56bfc062723c751e8b465ee728b) [PhysX] Initialized MultithreadedTaskDispatcher with 12 workers.
 -> (artifact id: '50ef16b46d8744f1674779bb0cb08cdf') in 0.000412 seconds
Number of updated asset objects reloaded before import = 0
Number of asset objects unloaded after import = 0
========================================================================
Received Import Request.
  Time since last request: 226.405323 seconds.
  path: Assets/Player_Env/HSEFF.prefab
  artifactKey: Guid(7604bf852633f432191bc4e15f5ed5ab) Importer(815301076,1909f56bfc062723c751e8b465ee728b)
Start importing Assets/Player_Env/HSEFF.prefab using Guid(7604bf852633f432191bc4e15f5ed5ab) Importer(815301076,1909f56bfc062723c751e8b465ee728b) [PhysX] Initialized MultithreadedTaskDispatcher with 12 workers.
 -> (artifact id: '50ef16b46d8744f1674779bb0cb08cdf') in 0.006376 seconds
Number of updated asset objects reloaded before import = 0
Number of asset objects unloaded after import = 0
========================================================================
Received Import Request.
  Time since last request: 0.000184 seconds.
  path: Assets/Player_Env/P_Small.prefab
  artifactKey: Guid(d073805d1a9f04fa5aa19d1f779ace9c) Importer(815301076,1909f56bfc062723c751e8b465ee728b)
Start importing Assets/Player_Env/P_Small.prefab using Guid(d073805d1a9f04fa5aa19d1f779ace9c) Importer(815301076,1909f56bfc062723c751e8b465ee728b) [PhysX] Initialized MultithreadedTaskDispatcher with 12 workers.
 -> (artifact id: '18b102a7752c128923034f51c64673fd') in 0.001705 seconds
Number of updated asset objects reloaded before import = 0
Number of asset objects unloaded after import = 0
========================================================================
Received Import Request.
  Time since last request: 2.228361 seconds.
  path: Assets/Sound Effects/Lose.mp3
  artifactKey: Guid(5c9778f63f97040cf9dc59fc8046e68c) Importer(815301076,1909f56bfc062723c751e8b465ee728b)
Start importing Assets/Sound Effects/Lose.mp3 using Guid(5c9778f63f97040cf9dc59fc8046e68c) Importer(815301076,1909f56bfc062723c751e8b465ee728b) [PhysX] Initialized MultithreadedTaskDispatcher with 12 workers.
[PhysX] Initialized MultithreadedTaskDispatcher with 12 workers.
 -> (artifact id: 'c7a2d5634bfeedc8e6eb3d95eb05ba61') in 0.153536 seconds
Number of updated asset objects reloaded before import = 0
Number of asset objects unloaded after import = 2
========================================================================
Received Import Request.
  Time since last request: 7.389776 seconds.
  path: Assets/Sound Effects
  artifactKey: Guid(4848d90eb96e84bda9ba9ba1cd9fc1c6) Importer(815301076,1909f56bfc062723c751e8b465ee728b)
Start importing Assets/Sound Effects using Guid(4848d90eb96e84bda9ba9ba1cd9fc1c6) Importer(815301076,1909f56bfc062723c751e8b465ee728b) [PhysX] Initialized MultithreadedTaskDispatcher with 12 workers.
 -> (artifact id: 'ee327e09c4cde31b0f60bd0a8519c6c3') in 0.000903 seconds
Number of updated asset objects reloaded before import = 0
Number of asset objects unloaded after import = 0
========================================================================
Received Import Request.
  Time since last request: 27.598878 seconds.
  path: Assets/Player_Env/HSEFF.prefab
  artifactKey: Guid(7604bf852633f432191bc4e15f5ed5ab) Importer(815301076,1909f56bfc062723c751e8b465ee728b)
Start importing Assets/Player_Env/HSEFF.prefab using Guid(7604bf852633f432191bc4e15f5ed5ab) Importer(815301076,1909f56bfc062723c751e8b465ee728b) [PhysX] Initialized MultithreadedTaskDispatcher with 12 workers.
 -> (artifact id: '50ef16b46d8744f1674779bb0cb08cdf') in 0.001403 seconds
Number of updated asset objects reloaded before import = 0
Number of asset objects unloaded after import = 0
========================================================================
Received Import Request.
  Time since last request: 0.000049 seconds.
  path: Assets/Player_Env/P_Small.prefab
  artifactKey: Guid(d073805d1a9f04fa5aa19d1f779ace9c) Importer(815301076,1909f56bfc062723c751e8b465ee728b)
Start importing Assets/Player_Env/P_Small.prefab using Guid(d073805d1a9f04fa5aa19d1f779ace9c) Importer(815301076,1909f56bfc062723c751e8b465ee728b) [PhysX] Initialized MultithreadedTaskDispatcher with 12 workers.
 -> (artifact id: '18b102a7752c128923034f51c64673fd') in 0.000548 seconds
Number of updated asset objects reloaded before import = 0
Number of asset objects unloaded after import = 0
========================================================================
Received Import Request.
  Time since last request: 2.102038 seconds.
  path: Assets/Player_Env/Die_SEFF.prefab
  artifactKey: Guid(79d46491119904e088e12ea24b81dadf) Importer(815301076,1909f56bfc062723c751e8b465ee728b)
Start importing Assets/Player_Env/Die_SEFF.prefab using Guid(79d46491119904e088e12ea24b81dadf) Importer(815301076,1909f56bfc062723c751e8b465ee728b) [PhysX] Initialized MultithreadedTaskDispatcher with 12 workers.
 -> (artifact id: '5d5d94693fe0f74153a29df7e1163d90') in 0.000724 seconds
Number of updated asset objects reloaded before import = 0
Number of asset objects unloaded after import = 0
========================================================================
Received Import Request.
  Time since last request: 0.000076 seconds.
  path: Assets/Player_Env/P_Small.prefab
  artifactKey: Guid(d073805d1a9f04fa5aa19d1f779ace9c) Importer(815301076,1909f56bfc062723c751e8b465ee728b)
Start importing Assets/Player_Env/P_Small.prefab using Guid(d073805d1a9f04fa5aa19d1f779ace9c) Importer(815301076,1909f56bfc062723c751e8b465ee728b) [PhysX] Initialized MultithreadedTaskDispatcher with 12 workers.
 -> (artifact id: '18b102a7752c128923034f51c64673fd') in 0.000648 seconds
Number of updated asset objects reloaded before import = 0
Number of asset objects unloaded after import = 0
========================================================================
Received Import Request.
  Time since last request: 0.451369 seconds.
  path: Assets/Player_Env/Die_SEFF.prefab
  artifactKey: Guid(79d46491119904e088e12ea24b81dadf) Importer(815301076,1909f56bfc062723c751e8b465ee728b)
Start importing Assets/Player_Env/Die_SEFF.prefab using Guid(79d46491119904e088e12ea24b81dadf) Importer(815301076,1909f56bfc062723c751e8b465ee728b) [PhysX] Initialized MultithreadedTaskDispatcher with 12 workers.
 -> (artifact id: '5d5d94693fe0f74153a29df7e1163d90') in 0.000959 seconds
Number of updated asset objects reloaded before import = 0
Number of asset objects unloaded after import = 0
========================================================================
Received Import Request.
  Time since last request: 0.000077 seconds.
  path: Assets/Player_Env/P_Small.prefab
  artifactKey: Guid(d073805d1a9f04fa5aa19d1f779ace9c) Importer(815301076,1909f56bfc062723c751e8b465ee728b)
Start importing Assets/Player_Env/P_Small.prefab using Guid(d073805d1a9f04fa5aa19d1f779ace9c) Importer(815301076,1909f56bfc062723c751e8b465ee728b) [PhysX] Initialized MultithreadedTaskDispatcher with 12 workers.
 -> (artifact id: '18b102a7752c128923034f51c64673fd') in 0.000806 seconds
Number of updated asset objects reloaded before import = 0
Number of asset objects unloaded after import = 0
========================================================================
Received Import Request.
  Time since last request: 3.100690 seconds.
  path: Assets/Player_Env/Die_SEFF.prefab
  artifactKey: Guid(79d46491119904e088e12ea24b81dadf) Importer(815301076,1909f56bfc062723c751e8b465ee728b)
Start importing Assets/Player_Env/Die_SEFF.prefab using Guid(79d46491119904e088e12ea24b81dadf) Importer(815301076,1909f56bfc062723c751e8b465ee728b) [PhysX] Initialized MultithreadedTaskDispatcher with 12 workers.
 -> (artifact id: '5d5d94693fe0f74153a29df7e1163d90') in 0.000459 seconds
Number of updated asset objects reloaded before import = 0
Number of asset objects unloaded after import = 0
========================================================================
Received Import Request.
  Time since last request: 0.000053 seconds.
  path: Assets/Player_Env/P_Small.prefab
  artifactKey: Guid(d073805d1a9f04fa5aa19d1f779ace9c) Importer(815301076,1909f56bfc062723c751e8b465ee728b)
Start importing Assets/Player_Env/P_Small.prefab using Guid(d073805d1a9f04fa5aa19d1f779ace9c) Importer(815301076,1909f56bfc062723c751e8b465ee728b) [PhysX] Initialized MultithreadedTaskDispatcher with 12 workers.
 -> (artifact id: '18b102a7752c128923034f51c64673fd') in 0.000551 seconds
Number of updated asset objects reloaded before import = 0
Number of asset objects unloaded after import = 0
========================================================================
Received Prepare
Caller must complete domain reload
Begin MonoManager ReloadAssembly
- Loaded All Assemblies, in  0.788 seconds
Native extension for WindowsStandalone target not found
Native extension for Android target not found
Native extension for OSXStandalone target not found
[Package Manager] Server::EnsureServerProcessIsRunning -- launch failed, reason: Unity was launched with the -noUpm command-line argument
[Package Manager] UpmClient::Send -- Unable to send message (not connected to UPM process).
[Package Manager] Cannot connect to Unity Package Manager local server
Mono: successfully reloaded assembly
- Finished resetting the current domain, in  2.182 seconds
Domain Reload Profiling: 2971ms
	BeginReloadAssembly (277ms)
		ExecutionOrderSort (0ms)
		DisableScriptedObjects (27ms)
		BackupInstance (0ms)
		ReleaseScriptingObjects (0ms)
		CreateAndSetChildDomain (124ms)
	RebuildCommonClasses (46ms)
	RebuildNativeTypeToScriptingClass (13ms)
	initialDomainReloadingComplete (31ms)
	LoadAllAssembliesAndSetupDomain (422ms)
		LoadAssemblies (415ms)
		RebuildTransferFunctionScriptingTraits (0ms)
		AnalyzeDomain (87ms)
			TypeCache.Refresh (25ms)
				TypeCache.ScanAssembly (0ms)
			ScanForSourceGeneratedMonoScriptInfo (42ms)
			ResolveRequiredComponents (17ms)
	FinalizeReload (2183ms)
		ReleaseScriptCaches (0ms)
		RebuildScriptCaches (0ms)
		SetupLoadedEditorAssemblies (701ms)
			LogAssemblyErrors (0ms)
			InitializePlatformSupportModulesInManaged (26ms)
			SetLoadedEditorAssemblies (5ms)
			RefreshPlugins (0ms)
			BeforeProcessingInitializeOnLoad (76ms)
			ProcessInitializeOnLoadAttributes (496ms)
			ProcessInitializeOnLoadMethodAttributes (96ms)
			AfterProcessingInitializeOnLoad (1ms)
			EditorAssembliesLoaded (1ms)
		ExecutionOrderSort2 (0ms)
		AwakeInstancesAfterBackupRestoration (39ms)
Refreshing native plugins compatible for Editor in 4.06 ms, found 3 plugins.
Preloading 0 native plugins for Editor in 0.00 ms.
Unloading 5524 Unused Serialized files (Serialized files now loaded: 0)
Unloading 21 unused Assets / (355.7 KB). Loaded Objects now: 6278.
Memory consumption went from 307.4 MB to 307.0 MB.
Total: 26.761129 ms (FindLiveObjects: 1.701571 ms CreateObjectMapping: 1.015687 ms MarkObjects: 23.270656 ms  DeleteObjects: 0.770408 ms)

Prepare: number of updated asset objects reloaded= 0
AssetImportParameters requested are different than current active one (requested -> active):
  custom:container-demuxer-ogg: 62fdf1f143b41e24485cea50d1cbac27 -> 
  custom:video-decoder-ogg-theora: a1e56fd34408186e4bbccfd4996cb3dc -> 
  custom:CustomObjectIndexerAttribute: 72b91833f83ae208fae7752999fa3104 -> 
  custom:container-demuxer-webm: 4f35f7cbe854078d1ac9338744f61a02 -> 
  custom:container-muxer-webm: aa71ff27fc2769a1b78a27578f13a17b -> 
  custom:video-decoder-webm-vp8: 9c59270c3fd7afecdb556c50c9e8de78 -> 
  custom:SearchIndexIgnoredProperties: e643bd26f0fe6173181afceb89e7c659 -> 
  custom:AudioImporter_EditorPlatform: 3918e3fc78b5a79bad01e8451be0beb8 -> 
  custom:framework-osx-AVFoundation: b23960f63f64bdc6ff669e2cdcee2391 -> 
  custom:video-encoder-webm-vp8: eb34c28f22e8b96e1ab97ce403110664 -> 
  custom:audio-decoder-ogg-vorbis: bf7c407c2cedff20999df2af8eb42d56 -> 
  custom:audio-encoder-webm-vorbis: bf7c407c2cedff20999df2af8eb42d56 -> 
========================================================================
Received Import Request.
  Time since last request: 81.648978 seconds.
  path: Assets/Player_Env/P_Small.prefab
  artifactKey: Guid(d073805d1a9f04fa5aa19d1f779ace9c) Importer(815301076,1909f56bfc062723c751e8b465ee728b)
Start importing Assets/Player_Env/P_Small.prefab using Guid(d073805d1a9f04fa5aa19d1f779ace9c) Importer(815301076,1909f56bfc062723c751e8b465ee728b) [PhysX] Initialized MultithreadedTaskDispatcher with 12 workers.
 -> (artifact id: '18b102a7752c128923034f51c64673fd') in 0.003831 seconds
Number of updated asset objects reloaded before import = 0
Number of asset objects unloaded after import = 0
========================================================================
Received Import Request.
  Time since last request: 0.000103 seconds.
  path: Assets/Player_Env/Die_SEFF.prefab
  artifactKey: Guid(79d46491119904e088e12ea24b81dadf) Importer(815301076,1909f56bfc062723c751e8b465ee728b)
Start importing Assets/Player_Env/Die_SEFF.prefab using Guid(79d46491119904e088e12ea24b81dadf) Importer(815301076,1909f56bfc062723c751e8b465ee728b) [PhysX] Initialized MultithreadedTaskDispatcher with 12 workers.
 -> (artifact id: '5d5d94693fe0f74153a29df7e1163d90') in 0.000490 seconds
Number of updated asset objects reloaded before import = 0
Number of asset objects unloaded after import = 0
========================================================================
Received Import Request.
  Time since last request: 9.299893 seconds.
  path: Assets/Player_Env/Die_SEFF.prefab
  artifactKey: Guid(79d46491119904e088e12ea24b81dadf) Importer(815301076,1909f56bfc062723c751e8b465ee728b)
Start importing Assets/Player_Env/Die_SEFF.prefab using Guid(79d46491119904e088e12ea24b81dadf) Importer(815301076,1909f56bfc062723c751e8b465ee728b) [PhysX] Initialized MultithreadedTaskDispatcher with 12 workers.
 -> (artifact id: '5d5d94693fe0f74153a29df7e1163d90') in 0.000414 seconds
Number of updated asset objects reloaded before import = 0
Number of asset objects unloaded after import = 0
========================================================================
Received Import Request.
  Time since last request: 0.000045 seconds.
  path: Assets/Player_Env/Loading_Canvas.prefab
  artifactKey: Guid(97529ec5572854c1baab8f2aab42c33b) Importer(815301076,1909f56bfc062723c751e8b465ee728b)
Start importing Assets/Player_Env/Loading_Canvas.prefab using Guid(97529ec5572854c1baab8f2aab42c33b) Importer(815301076,1909f56bfc062723c751e8b465ee728b) [PhysX] Initialized MultithreadedTaskDispatcher with 12 workers.
 -> (artifact id: 'd8014b492f1a945f585d074b0c924870') in 0.000480 seconds
Number of updated asset objects reloaded before import = 0
Number of asset objects unloaded after import = 0
========================================================================
Received Prepare
Caller must complete domain reload
Begin MonoManager ReloadAssembly
- Loaded All Assemblies, in  0.594 seconds
Native extension for WindowsStandalone target not found
Native extension for Android target not found
Native extension for OSXStandalone target not found
[Package Manager] Server::EnsureServerProcessIsRunning -- launch failed, reason: Unity was launched with the -noUpm command-line argument
[Package Manager] UpmClient::Send -- Unable to send message (not connected to UPM process).
[Package Manager] Cannot connect to Unity Package Manager local server
Mono: successfully reloaded assembly
- Finished resetting the current domain, in  1.924 seconds
Domain Reload Profiling: 2520ms
	BeginReloadAssembly (228ms)
		ExecutionOrderSort (0ms)
		DisableScriptedObjects (19ms)
		BackupInstance (0ms)
		ReleaseScriptingObjects (0ms)
		CreateAndSetChildDomain (98ms)
	RebuildCommonClasses (43ms)
	RebuildNativeTypeToScriptingClass (13ms)
	initialDomainReloadingComplete (30ms)
	LoadAllAssembliesAndSetupDomain (281ms)
		LoadAssemblies (330ms)
		RebuildTransferFunctionScriptingTraits (0ms)
		AnalyzeDomain (26ms)
			TypeCache.Refresh (9ms)
				TypeCache.ScanAssembly (0ms)
			ScanForSourceGeneratedMonoScriptInfo (0ms)
			ResolveRequiredComponents (15ms)
	FinalizeReload (1925ms)
		ReleaseScriptCaches (0ms)
		RebuildScriptCaches (0ms)
		SetupLoadedEditorAssemblies (699ms)
			LogAssemblyErrors (0ms)
			InitializePlatformSupportModulesInManaged (27ms)
			SetLoadedEditorAssemblies (6ms)
			RefreshPlugins (0ms)
			BeforeProcessingInitializeOnLoad (77ms)
			ProcessInitializeOnLoadAttributes (515ms)
			ProcessInitializeOnLoadMethodAttributes (72ms)
			AfterProcessingInitializeOnLoad (2ms)
			EditorAssembliesLoaded (0ms)
		ExecutionOrderSort2 (0ms)
		AwakeInstancesAfterBackupRestoration (16ms)
Refreshing native plugins compatible for Editor in 1.59 ms, found 3 plugins.
Preloading 0 native plugins for Editor in 0.00 ms.
Unloading 5524 Unused Serialized files (Serialized files now loaded: 0)
Unloading 21 unused Assets / (355.4 KB). Loaded Objects now: 6283.
Memory consumption went from 305.5 MB to 305.2 MB.
Total: 5.572555 ms (FindLiveObjects: 0.617194 ms CreateObjectMapping: 0.607093 ms MarkObjects: 4.142618 ms  DeleteObjects: 0.204576 ms)

Prepare: number of updated asset objects reloaded= 0
AssetImportParameters requested are different than current active one (requested -> active):
  custom:container-demuxer-ogg: 62fdf1f143b41e24485cea50d1cbac27 -> 
  custom:video-decoder-ogg-theora: a1e56fd34408186e4bbccfd4996cb3dc -> 
  custom:CustomObjectIndexerAttribute: 72b91833f83ae208fae7752999fa3104 -> 
  custom:container-demuxer-webm: 4f35f7cbe854078d1ac9338744f61a02 -> 
  custom:container-muxer-webm: aa71ff27fc2769a1b78a27578f13a17b -> 
  custom:video-decoder-webm-vp8: 9c59270c3fd7afecdb556c50c9e8de78 -> 
  custom:SearchIndexIgnoredProperties: e643bd26f0fe6173181afceb89e7c659 -> 
  custom:AudioImporter_EditorPlatform: 3918e3fc78b5a79bad01e8451be0beb8 -> 
  custom:framework-osx-AVFoundation: b23960f63f64bdc6ff669e2cdcee2391 -> 
  custom:video-encoder-webm-vp8: eb34c28f22e8b96e1ab97ce403110664 -> 
  custom:audio-decoder-ogg-vorbis: bf7c407c2cedff20999df2af8eb42d56 -> 
  custom:audio-encoder-webm-vorbis: bf7c407c2cedff20999df2af8eb42d56 -> 
========================================================================
Received Import Request.
  Time since last request: 9.064079 seconds.
  path: Assets/Player_Env/P_Small.prefab
  artifactKey: Guid(d073805d1a9f04fa5aa19d1f779ace9c) Importer(815301076,1909f56bfc062723c751e8b465ee728b)
Start importing Assets/Player_Env/P_Small.prefab using Guid(d073805d1a9f04fa5aa19d1f779ace9c) Importer(815301076,1909f56bfc062723c751e8b465ee728b) [PhysX] Initialized MultithreadedTaskDispatcher with 12 workers.
 -> (artifact id: '18b102a7752c128923034f51c64673fd') in 0.001677 seconds
Number of updated asset objects reloaded before import = 0
Number of asset objects unloaded after import = 0
========================================================================
Received Import Request.
  Time since last request: 0.000064 seconds.
  path: Assets/Player_Env/Die_SEFF.prefab
  artifactKey: Guid(79d46491119904e088e12ea24b81dadf) Importer(815301076,1909f56bfc062723c751e8b465ee728b)
Start importing Assets/Player_Env/Die_SEFF.prefab using Guid(79d46491119904e088e12ea24b81dadf) Importer(815301076,1909f56bfc062723c751e8b465ee728b) [PhysX] Initialized MultithreadedTaskDispatcher with 12 workers.
 -> (artifact id: '5d5d94693fe0f74153a29df7e1163d90') in 0.000405 seconds
Number of updated asset objects reloaded before import = 0
Number of asset objects unloaded after import = 0
========================================================================
Received Import Request.
  Time since last request: 67.386497 seconds.
  path: Assets/Player_Env/Die_SEFF.prefab
  artifactKey: Guid(79d46491119904e088e12ea24b81dadf) Importer(815301076,1909f56bfc062723c751e8b465ee728b)
Start importing Assets/Player_Env/Die_SEFF.prefab using Guid(79d46491119904e088e12ea24b81dadf) Importer(815301076,1909f56bfc062723c751e8b465ee728b) [PhysX] Initialized MultithreadedTaskDispatcher with 12 workers.
 -> (artifact id: '5d5d94693fe0f74153a29df7e1163d90') in 0.002886 seconds
Number of updated asset objects reloaded before import = 0
Number of asset objects unloaded after import = 0
========================================================================
Received Import Request.
  Time since last request: 0.000112 seconds.
  path: Assets/Player_Env/Loading_Canvas.prefab
  artifactKey: Guid(97529ec5572854c1baab8f2aab42c33b) Importer(815301076,1909f56bfc062723c751e8b465ee728b)
Start importing Assets/Player_Env/Loading_Canvas.prefab using Guid(97529ec5572854c1baab8f2aab42c33b) Importer(815301076,1909f56bfc062723c751e8b465ee728b) [PhysX] Initialized MultithreadedTaskDispatcher with 12 workers.
 -> (artifact id: 'd8014b492f1a945f585d074b0c924870') in 0.000499 seconds
Number of updated asset objects reloaded before import = 0
Number of asset objects unloaded after import = 0
========================================================================
Received Import Request.
  Time since last request: 8.962196 seconds.
  path: Assets/Player_Env/Die_SEFF.prefab
  artifactKey: Guid(79d46491119904e088e12ea24b81dadf) Importer(815301076,1909f56bfc062723c751e8b465ee728b)
Start importing Assets/Player_Env/Die_SEFF.prefab using Guid(79d46491119904e088e12ea24b81dadf) Importer(815301076,1909f56bfc062723c751e8b465ee728b) [PhysX] Initialized MultithreadedTaskDispatcher with 12 workers.
 -> (artifact id: '5d5d94693fe0f74153a29df7e1163d90') in 0.001088 seconds
Number of updated asset objects reloaded before import = 0
Number of asset objects unloaded after import = 0
========================================================================
Received Import Request.
  Time since last request: 0.000066 seconds.
  path: Assets/Player_Env/P_Small.prefab
  artifactKey: Guid(d073805d1a9f04fa5aa19d1f779ace9c) Importer(815301076,1909f56bfc062723c751e8b465ee728b)
Start importing Assets/Player_Env/P_Small.prefab using Guid(d073805d1a9f04fa5aa19d1f779ace9c) Importer(815301076,1909f56bfc062723c751e8b465ee728b) [PhysX] Initialized MultithreadedTaskDispatcher with 12 workers.
 -> (artifact id: '18b102a7752c128923034f51c64673fd') in 0.000631 seconds
Number of updated asset objects reloaded before import = 0
Number of asset objects unloaded after import = 0
========================================================================
Received Import Request.
  Time since last request: 4.890530 seconds.
  path: Assets/Player_Env/Die_SEFF.prefab
  artifactKey: Guid(79d46491119904e088e12ea24b81dadf) Importer(815301076,1909f56bfc062723c751e8b465ee728b)
Start importing Assets/Player_Env/Die_SEFF.prefab using Guid(79d46491119904e088e12ea24b81dadf) Importer(815301076,1909f56bfc062723c751e8b465ee728b) [PhysX] Initialized MultithreadedTaskDispatcher with 12 workers.
 -> (artifact id: '3f92a32b1d1a437a3e3bd8b199e83fff') in 0.000531 seconds
Number of updated asset objects reloaded before import = 0
Number of asset objects unloaded after import = 0
========================================================================
Received Import Request.
  Time since last request: 0.000047 seconds.
  path: Assets/Player_Env/P_Small.prefab
  artifactKey: Guid(d073805d1a9f04fa5aa19d1f779ace9c) Importer(815301076,1909f56bfc062723c751e8b465ee728b)
Start importing Assets/Player_Env/P_Small.prefab using Guid(d073805d1a9f04fa5aa19d1f779ace9c) Importer(815301076,1909f56bfc062723c751e8b465ee728b) [PhysX] Initialized MultithreadedTaskDispatcher with 12 workers.
 -> (artifact id: '18b102a7752c128923034f51c64673fd') in 0.000535 seconds
Number of updated asset objects reloaded before import = 0
Number of asset objects unloaded after import = 0
========================================================================
Received Import Request.
  Time since last request: 0.551844 seconds.
  path: Assets/Player_Env/Die_SEFF.prefab
  artifactKey: Guid(79d46491119904e088e12ea24b81dadf) Importer(815301076,1909f56bfc062723c751e8b465ee728b)
Start importing Assets/Player_Env/Die_SEFF.prefab using Guid(79d46491119904e088e12ea24b81dadf) Importer(815301076,1909f56bfc062723c751e8b465ee728b) [PhysX] Initialized MultithreadedTaskDispatcher with 12 workers.
 -> (artifact id: 'e0510ab5af23244b57afeb4f0907f1f9') in 0.000607 seconds
Number of updated asset objects reloaded before import = 0
Number of asset objects unloaded after import = 0
========================================================================
Received Import Request.
  Time since last request: 0.000075 seconds.
  path: Assets/Player_Env/P_Small.prefab
  artifactKey: Guid(d073805d1a9f04fa5aa19d1f779ace9c) Importer(815301076,1909f56bfc062723c751e8b465ee728b)
Start importing Assets/Player_Env/P_Small.prefab using Guid(d073805d1a9f04fa5aa19d1f779ace9c) Importer(815301076,1909f56bfc062723c751e8b465ee728b) [PhysX] Initialized MultithreadedTaskDispatcher with 12 workers.
 -> (artifact id: '18b102a7752c128923034f51c64673fd') in 0.000503 seconds
Number of updated asset objects reloaded before import = 0
Number of asset objects unloaded after import = 0
========================================================================
Received Import Request.
  Time since last request: 0.317288 seconds.
  path: Assets/Player_Env/Die_SEFF.prefab
  artifactKey: Guid(79d46491119904e088e12ea24b81dadf) Importer(815301076,1909f56bfc062723c751e8b465ee728b)
Start importing Assets/Player_Env/Die_SEFF.prefab using Guid(79d46491119904e088e12ea24b81dadf) Importer(815301076,1909f56bfc062723c751e8b465ee728b) [PhysX] Initialized MultithreadedTaskDispatcher with 12 workers.
 -> (artifact id: 'fb2c314da47115af66788b99f09e9218') in 0.000492 seconds
Number of updated asset objects reloaded before import = 0
Number of asset objects unloaded after import = 0
========================================================================
Received Import Request.
  Time since last request: 0.000055 seconds.
  path: Assets/Player_Env/P_Small.prefab
  artifactKey: Guid(d073805d1a9f04fa5aa19d1f779ace9c) Importer(815301076,1909f56bfc062723c751e8b465ee728b)
Start importing Assets/Player_Env/P_Small.prefab using Guid(d073805d1a9f04fa5aa19d1f779ace9c) Importer(815301076,1909f56bfc062723c751e8b465ee728b) [PhysX] Initialized MultithreadedTaskDispatcher with 12 workers.
 -> (artifact id: '18b102a7752c128923034f51c64673fd') in 0.000995 seconds
Number of updated asset objects reloaded before import = 0
Number of asset objects unloaded after import = 0
========================================================================
Received Import Request.
  Time since last request: 6.680129 seconds.
  path: Assets/Player_Env/Die_SEFF.prefab
  artifactKey: Guid(79d46491119904e088e12ea24b81dadf) Importer(815301076,1909f56bfc062723c751e8b465ee728b)
Start importing Assets/Player_Env/Die_SEFF.prefab using Guid(79d46491119904e088e12ea24b81dadf) Importer(815301076,1909f56bfc062723c751e8b465ee728b) [PhysX] Initialized MultithreadedTaskDispatcher with 12 workers.
 -> (artifact id: '5d5d94693fe0f74153a29df7e1163d90') in 0.001864 seconds
Number of updated asset objects reloaded before import = 0
Number of asset objects unloaded after import = 0
========================================================================
Received Import Request.
  Time since last request: 0.000044 seconds.
  path: Assets/Player_Env/Loading_Canvas.prefab
  artifactKey: Guid(97529ec5572854c1baab8f2aab42c33b) Importer(815301076,1909f56bfc062723c751e8b465ee728b)
Start importing Assets/Player_Env/Loading_Canvas.prefab using Guid(97529ec5572854c1baab8f2aab42c33b) Importer(815301076,1909f56bfc062723c751e8b465ee728b) [PhysX] Initialized MultithreadedTaskDispatcher with 12 workers.
 -> (artifact id: 'd8014b492f1a945f585d074b0c924870') in 0.000344 seconds
Number of updated asset objects reloaded before import = 0
Number of asset objects unloaded after import = 0
========================================================================
Received Import Request.
  Time since last request: 100.560334 seconds.
  path: Assets/Player_Env/Die_SEFF.prefab
  artifactKey: Guid(79d46491119904e088e12ea24b81dadf) Importer(815301076,1909f56bfc062723c751e8b465ee728b)
Start importing Assets/Player_Env/Die_SEFF.prefab using Guid(79d46491119904e088e12ea24b81dadf) Importer(815301076,1909f56bfc062723c751e8b465ee728b) [PhysX] Initialized MultithreadedTaskDispatcher with 12 workers.
 -> (artifact id: '5d5d94693fe0f74153a29df7e1163d90') in 0.003978 seconds
Number of updated asset objects reloaded before import = 0
Number of asset objects unloaded after import = 0
========================================================================
Received Import Request.
  Time since last request: 0.000143 seconds.
  path: Assets/Player_Env/P_Small.prefab
  artifactKey: Guid(d073805d1a9f04fa5aa19d1f779ace9c) Importer(815301076,1909f56bfc062723c751e8b465ee728b)
Start importing Assets/Player_Env/P_Small.prefab using Guid(d073805d1a9f04fa5aa19d1f779ace9c) Importer(815301076,1909f56bfc062723c751e8b465ee728b) [PhysX] Initialized MultithreadedTaskDispatcher with 12 workers.
 -> (artifact id: '18b102a7752c128923034f51c64673fd') in 0.001122 seconds
Number of updated asset objects reloaded before import = 0
Number of asset objects unloaded after import = 0
========================================================================
Received Import Request.
  Time since last request: 6.487301 seconds.
  path: Assets/Sound Effects/LS.mp3
  artifactKey: Guid(d2dfdcf8db3d64eb19625754771ded6d) Importer(815301076,1909f56bfc062723c751e8b465ee728b)
Start importing Assets/Sound Effects/LS.mp3 using Guid(d2dfdcf8db3d64eb19625754771ded6d) Importer(815301076,1909f56bfc062723c751e8b465ee728b) [PhysX] Initialized MultithreadedTaskDispatcher with 12 workers.
[PhysX] Initialized MultithreadedTaskDispatcher with 12 workers.
 -> (artifact id: 'c8ad7fe7b0c9d1ed7c1a719602778f77') in 0.185796 seconds
Number of updated asset objects reloaded before import = 0
Number of asset objects unloaded after import = 2
========================================================================
Received Import Request.
  Time since last request: 1.785146 seconds.
  path: Assets/Player_Env/Die_SEFF.prefab
  artifactKey: Guid(79d46491119904e088e12ea24b81dadf) Importer(815301076,1909f56bfc062723c751e8b465ee728b)
Start importing Assets/Player_Env/Die_SEFF.prefab using Guid(79d46491119904e088e12ea24b81dadf) Importer(815301076,1909f56bfc062723c751e8b465ee728b) [PhysX] Initialized MultithreadedTaskDispatcher with 12 workers.
 -> (artifact id: '314a462b027f653a2b72fb2efe1fbbb5') in 0.000675 seconds
Number of updated asset objects reloaded before import = 0
Number of asset objects unloaded after import = 0
========================================================================
Received Import Request.
  Time since last request: 0.000048 seconds.
  path: Assets/Player_Env/P_Small.prefab
  artifactKey: Guid(d073805d1a9f04fa5aa19d1f779ace9c) Importer(815301076,1909f56bfc062723c751e8b465ee728b)
Start importing Assets/Player_Env/P_Small.prefab using Guid(d073805d1a9f04fa5aa19d1f779ace9c) Importer(815301076,1909f56bfc062723c751e8b465ee728b) [PhysX] Initialized MultithreadedTaskDispatcher with 12 workers.
 -> (artifact id: '18b102a7752c128923034f51c64673fd') in 0.001073 seconds
Number of updated asset objects reloaded before import = 0
Number of asset objects unloaded after import = 0
========================================================================
Received Prepare
Caller must complete domain reload
Begin MonoManager ReloadAssembly
- Loaded All Assemblies, in  0.668 seconds
Native extension for WindowsStandalone target not found
Native extension for Android target not found
Native extension for OSXStandalone target not found
[Package Manager] Server::EnsureServerProcessIsRunning -- launch failed, reason: Unity was launched with the -noUpm command-line argument
[Package Manager] UpmClient::Send -- Unable to send message (not connected to UPM process).
[Package Manager] Cannot connect to Unity Package Manager local server
Mono: successfully reloaded assembly
- Finished resetting the current domain, in  2.180 seconds
Domain Reload Profiling: 2849ms
	BeginReloadAssembly (240ms)
		ExecutionOrderSort (0ms)
		DisableScriptedObjects (17ms)
		BackupInstance (0ms)
		ReleaseScriptingObjects (0ms)
		CreateAndSetChildDomain (97ms)
	RebuildCommonClasses (44ms)
	RebuildNativeTypeToScriptingClass (13ms)
	initialDomainReloadingComplete (29ms)
	LoadAllAssembliesAndSetupDomain (342ms)
		LoadAssemblies (400ms)
		RebuildTransferFunctionScriptingTraits (0ms)
		AnalyzeDomain (29ms)
			TypeCache.Refresh (9ms)
				TypeCache.ScanAssembly (0ms)
			ScanForSourceGeneratedMonoScriptInfo (0ms)
			ResolveRequiredComponents (18ms)
	FinalizeReload (2180ms)
		ReleaseScriptCaches (0ms)
		RebuildScriptCaches (0ms)
		SetupLoadedEditorAssemblies (700ms)
			LogAssemblyErrors (0ms)
			InitializePlatformSupportModulesInManaged (27ms)
			SetLoadedEditorAssemblies (6ms)
			RefreshPlugins (0ms)
			BeforeProcessingInitializeOnLoad (78ms)
			ProcessInitializeOnLoadAttributes (515ms)
			ProcessInitializeOnLoadMethodAttributes (73ms)
			AfterProcessingInitializeOnLoad (1ms)
			EditorAssembliesLoaded (0ms)
		ExecutionOrderSort2 (0ms)
		AwakeInstancesAfterBackupRestoration (17ms)
Refreshing native plugins compatible for Editor in 1.64 ms, found 3 plugins.
Preloading 0 native plugins for Editor in 0.00 ms.
Unloading 5524 Unused Serialized files (Serialized files now loaded: 0)
Unloading 21 unused Assets / (355.7 KB). Loaded Objects now: 6288.
Memory consumption went from 304.5 MB to 304.1 MB.
Total: 5.416332 ms (FindLiveObjects: 0.527378 ms CreateObjectMapping: 0.447018 ms MarkObjects: 4.260718 ms  DeleteObjects: 0.180264 ms)

Prepare: number of updated asset objects reloaded= 0
AssetImportParameters requested are different than current active one (requested -> active):
  custom:container-demuxer-ogg: 62fdf1f143b41e24485cea50d1cbac27 -> 
  custom:video-decoder-ogg-theora: a1e56fd34408186e4bbccfd4996cb3dc -> 
  custom:CustomObjectIndexerAttribute: 72b91833f83ae208fae7752999fa3104 -> 
  custom:container-demuxer-webm: 4f35f7cbe854078d1ac9338744f61a02 -> 
  custom:container-muxer-webm: aa71ff27fc2769a1b78a27578f13a17b -> 
  custom:video-decoder-webm-vp8: 9c59270c3fd7afecdb556c50c9e8de78 -> 
  custom:SearchIndexIgnoredProperties: e643bd26f0fe6173181afceb89e7c659 -> 
  custom:AudioImporter_EditorPlatform: 3918e3fc78b5a79bad01e8451be0beb8 -> 
  custom:framework-osx-AVFoundation: b23960f63f64bdc6ff669e2cdcee2391 -> 
  custom:video-encoder-webm-vp8: eb34c28f22e8b96e1ab97ce403110664 -> 
  custom:audio-decoder-ogg-vorbis: bf7c407c2cedff20999df2af8eb42d56 -> 
  custom:audio-encoder-webm-vorbis: bf7c407c2cedff20999df2af8eb42d56 -> 
========================================================================
Received Import Request.
  Time since last request: 10.097786 seconds.
  path: Assets/Player_Env/P_Small.prefab
  artifactKey: Guid(d073805d1a9f04fa5aa19d1f779ace9c) Importer(815301076,1909f56bfc062723c751e8b465ee728b)
Start importing Assets/Player_Env/P_Small.prefab using Guid(d073805d1a9f04fa5aa19d1f779ace9c) Importer(815301076,1909f56bfc062723c751e8b465ee728b) [PhysX] Initialized MultithreadedTaskDispatcher with 12 workers.
 -> (artifact id: '18b102a7752c128923034f51c64673fd') in 0.001936 seconds
Number of updated asset objects reloaded before import = 0
Number of asset objects unloaded after import = 0
========================================================================
Received Import Request.
  Time since last request: 0.000055 seconds.
  path: Assets/Player_Env/Die_SEFF.prefab
  artifactKey: Guid(79d46491119904e088e12ea24b81dadf) Importer(815301076,1909f56bfc062723c751e8b465ee728b)
Start importing Assets/Player_Env/Die_SEFF.prefab using Guid(79d46491119904e088e12ea24b81dadf) Importer(815301076,1909f56bfc062723c751e8b465ee728b) [PhysX] Initialized MultithreadedTaskDispatcher with 12 workers.
 -> (artifact id: '314a462b027f653a2b72fb2efe1fbbb5') in 0.000814 seconds
Number of updated asset objects reloaded before import = 0
Number of asset objects unloaded after import = 0
========================================================================
Received Import Request.
  Time since last request: 10.408657 seconds.
  path: Assets/Player_Env/Die_SEFF.prefab
  artifactKey: Guid(79d46491119904e088e12ea24b81dadf) Importer(815301076,1909f56bfc062723c751e8b465ee728b)
Start importing Assets/Player_Env/Die_SEFF.prefab using Guid(79d46491119904e088e12ea24b81dadf) Importer(815301076,1909f56bfc062723c751e8b465ee728b) [PhysX] Initialized MultithreadedTaskDispatcher with 12 workers.
 -> (artifact id: '314a462b027f653a2b72fb2efe1fbbb5') in 0.000392 seconds
Number of updated asset objects reloaded before import = 0
Number of asset objects unloaded after import = 0
========================================================================
Received Import Request.
  Time since last request: 0.009955 seconds.
  path: Assets/Player_Env/Loading_Canvas.prefab
  artifactKey: Guid(97529ec5572854c1baab8f2aab42c33b) Importer(815301076,1909f56bfc062723c751e8b465ee728b)
Start importing Assets/Player_Env/Loading_Canvas.prefab using Guid(97529ec5572854c1baab8f2aab42c33b) Importer(815301076,1909f56bfc062723c751e8b465ee728b) [PhysX] Initialized MultithreadedTaskDispatcher with 12 workers.
 -> (artifact id: 'd8014b492f1a945f585d074b0c924870') in 0.000392 seconds
Number of updated asset objects reloaded before import = 0
Number of asset objects unloaded after import = 0
========================================================================
Received Import Request.
  Time since last request: 0.616721 seconds.
  path: Assets/Enemy_Env/Enemy.prefab
  artifactKey: Guid(86d68384f03e346788c8889cbdd3c636) Importer(815301076,1909f56bfc062723c751e8b465ee728b)
Start importing Assets/Enemy_Env/Enemy.prefab using Guid(86d68384f03e346788c8889cbdd3c636) Importer(815301076,1909f56bfc062723c751e8b465ee728b) [PhysX] Initialized MultithreadedTaskDispatcher with 12 workers.
 -> (artifact id: '462ecf80ca38b1685cdaba07b8a9b10b') in 0.000891 seconds
Number of updated asset objects reloaded before import = 0
Number of asset objects unloaded after import = 0
========================================================================
Received Import Request.
  Time since last request: 0.000663 seconds.
  path: Assets/Enemy_Env/Enemy_Boss4.prefab
  artifactKey: Guid(7ebeb0386bad94b189f1520a33de4162) Importer(815301076,1909f56bfc062723c751e8b465ee728b)
Start importing Assets/Enemy_Env/Enemy_Boss4.prefab using Guid(7ebeb0386bad94b189f1520a33de4162) Importer(815301076,1909f56bfc062723c751e8b465ee728b) [PhysX] Initialized MultithreadedTaskDispatcher with 12 workers.
 -> (artifact id: '408678feaefcb864ff53359ad280340e') in 0.000638 seconds
Number of updated asset objects reloaded before import = 0
Number of asset objects unloaded after import = 0
========================================================================
Received Import Request.
  Time since last request: 0.000073 seconds.
  path: Assets/Enemy_Env/Enemy_Boss2.prefab
  artifactKey: Guid(8ed9dcd6d339b4ad7b71b940bac89d50) Importer(815301076,1909f56bfc062723c751e8b465ee728b)
Start importing Assets/Enemy_Env/Enemy_Boss2.prefab using Guid(8ed9dcd6d339b4ad7b71b940bac89d50) Importer(815301076,1909f56bfc062723c751e8b465ee728b) [PhysX] Initialized MultithreadedTaskDispatcher with 12 workers.
 -> (artifact id: 'fd360d0927d4dbc48c0da4402e543d2b') in 0.000551 seconds
Number of updated asset objects reloaded before import = 0
Number of asset objects unloaded after import = 0
========================================================================
Received Import Request.
  Time since last request: 11.650156 seconds.
  path: Assets/Enemy_Env/Enemy.prefab
  artifactKey: Guid(86d68384f03e346788c8889cbdd3c636) Importer(815301076,1909f56bfc062723c751e8b465ee728b)
Start importing Assets/Enemy_Env/Enemy.prefab using Guid(86d68384f03e346788c8889cbdd3c636) Importer(815301076,1909f56bfc062723c751e8b465ee728b) [PhysX] Initialized MultithreadedTaskDispatcher with 12 workers.
 -> (artifact id: '462ecf80ca38b1685cdaba07b8a9b10b') in 0.003249 seconds
Number of updated asset objects reloaded before import = 0
Number of asset objects unloaded after import = 0
========================================================================
Received Import Request.
  Time since last request: 0.000318 seconds.
  path: Assets/Enemy_Env/Enemy_Boss3.prefab
  artifactKey: Guid(a8e154df25a7b4308b582dc2637f9a4d) Importer(815301076,1909f56bfc062723c751e8b465ee728b)
Start importing Assets/Enemy_Env/Enemy_Boss3.prefab using Guid(a8e154df25a7b4308b582dc2637f9a4d) Importer(815301076,1909f56bfc062723c751e8b465ee728b) [PhysX] Initialized MultithreadedTaskDispatcher with 12 workers.
 -> (artifact id: '644cf7df47f8cb9e9fb5fa3358fde4bb') in 0.000826 seconds
Number of updated asset objects reloaded before import = 0
Number of asset objects unloaded after import = 0
========================================================================
Received Import Request.
  Time since last request: 2.688683 seconds.
  path: Assets/Enemy_Env/Enemy.prefab
  artifactKey: Guid(86d68384f03e346788c8889cbdd3c636) Importer(815301076,1909f56bfc062723c751e8b465ee728b)
Start importing Assets/Enemy_Env/Enemy.prefab using Guid(86d68384f03e346788c8889cbdd3c636) Importer(815301076,1909f56bfc062723c751e8b465ee728b) [PhysX] Initialized MultithreadedTaskDispatcher with 12 workers.
 -> (artifact id: '462ecf80ca38b1685cdaba07b8a9b10b') in 0.001280 seconds
Number of updated asset objects reloaded before import = 0
Number of asset objects unloaded after import = 0
========================================================================
Received Import Request.
  Time since last request: 3.918619 seconds.
  path: Assets/Enemy_Env/Enemy.prefab
  artifactKey: Guid(86d68384f03e346788c8889cbdd3c636) Importer(815301076,1909f56bfc062723c751e8b465ee728b)
Start importing Assets/Enemy_Env/Enemy.prefab using Guid(86d68384f03e346788c8889cbdd3c636) Importer(815301076,1909f56bfc062723c751e8b465ee728b) [PhysX] Initialized MultithreadedTaskDispatcher with 12 workers.
 -> (artifact id: '462ecf80ca38b1685cdaba07b8a9b10b') in 0.000759 seconds
Number of updated asset objects reloaded before import = 0
Number of asset objects unloaded after import = 0
========================================================================
Received Import Request.
  Time since last request: 0.000101 seconds.
  path: Assets/Enemy_Env/Enemy_Boss4.prefab
  artifactKey: Guid(7ebeb0386bad94b189f1520a33de4162) Importer(815301076,1909f56bfc062723c751e8b465ee728b)
Start importing Assets/Enemy_Env/Enemy_Boss4.prefab using Guid(7ebeb0386bad94b189f1520a33de4162) Importer(815301076,1909f56bfc062723c751e8b465ee728b) [PhysX] Initialized MultithreadedTaskDispatcher with 12 workers.
 -> (artifact id: '408678feaefcb864ff53359ad280340e') in 0.000699 seconds
Number of updated asset objects reloaded before import = 0
Number of asset objects unloaded after import = 0
========================================================================
Received Import Request.
  Time since last request: 0.533128 seconds.
  path: Assets/Enemy_Env/Enemy.prefab
  artifactKey: Guid(86d68384f03e346788c8889cbdd3c636) Importer(815301076,1909f56bfc062723c751e8b465ee728b)
Start importing Assets/Enemy_Env/Enemy.prefab using Guid(86d68384f03e346788c8889cbdd3c636) Importer(815301076,1909f56bfc062723c751e8b465ee728b) [PhysX] Initialized MultithreadedTaskDispatcher with 12 workers.
 -> (artifact id: '462ecf80ca38b1685cdaba07b8a9b10b') in 0.000694 seconds
Number of updated asset objects reloaded before import = 0
Number of asset objects unloaded after import = 0
========================================================================
Received Import Request.
  Time since last request: 2.226908 seconds.
  path: Assets/Enemy_Env/Enemy.prefab
  artifactKey: Guid(86d68384f03e346788c8889cbdd3c636) Importer(815301076,1909f56bfc062723c751e8b465ee728b)
Start importing Assets/Enemy_Env/Enemy.prefab using Guid(86d68384f03e346788c8889cbdd3c636) Importer(815301076,1909f56bfc062723c751e8b465ee728b) [PhysX] Initialized MultithreadedTaskDispatcher with 12 workers.
 -> (artifact id: '462ecf80ca38b1685cdaba07b8a9b10b') in 0.000852 seconds
Number of updated asset objects reloaded before import = 0
Number of asset objects unloaded after import = 0
========================================================================
Received Prepare
Caller must complete domain reload
Begin MonoManager ReloadAssembly
- Loaded All Assemblies, in  0.781 seconds
Native extension for WindowsStandalone target not found
Native extension for Android target not found
Native extension for OSXStandalone target not found
[Package Manager] Server::EnsureServerProcessIsRunning -- launch failed, reason: Unity was launched with the -noUpm command-line argument
[Package Manager] UpmClient::Send -- Unable to send message (not connected to UPM process).
[Package Manager] Cannot connect to Unity Package Manager local server
Mono: successfully reloaded assembly
- Finished resetting the current domain, in  1.424 seconds
Domain Reload Profiling: 2207ms
	BeginReloadAssembly (256ms)
		ExecutionOrderSort (0ms)
		DisableScriptedObjects (20ms)
		BackupInstance (0ms)
		ReleaseScriptingObjects (0ms)
		CreateAndSetChildDomain (111ms)
	RebuildCommonClasses (44ms)
	RebuildNativeTypeToScriptingClass (13ms)
	initialDomainReloadingComplete (30ms)
	LoadAllAssembliesAndSetupDomain (440ms)
		LoadAssemblies (490ms)
		RebuildTransferFunctionScriptingTraits (0ms)
		AnalyzeDomain (30ms)
			TypeCache.Refresh (12ms)
				TypeCache.ScanAssembly (0ms)
			ScanForSourceGeneratedMonoScriptInfo (0ms)
			ResolveRequiredComponents (15ms)
	FinalizeReload (1425ms)
		ReleaseScriptCaches (0ms)
		RebuildScriptCaches (0ms)
		SetupLoadedEditorAssemblies (713ms)
			LogAssemblyErrors (0ms)
			InitializePlatformSupportModulesInManaged (29ms)
			SetLoadedEditorAssemblies (7ms)
			RefreshPlugins (0ms)
			BeforeProcessingInitializeOnLoad (81ms)
			ProcessInitializeOnLoadAttributes (520ms)
			ProcessInitializeOnLoadMethodAttributes (75ms)
			AfterProcessingInitializeOnLoad (2ms)
			EditorAssembliesLoaded (0ms)
		ExecutionOrderSort2 (0ms)
		AwakeInstancesAfterBackupRestoration (17ms)
Refreshing native plugins compatible for Editor in 1.83 ms, found 3 plugins.
Preloading 0 native plugins for Editor in 0.00 ms.
Unloading 5524 Unused Serialized files (Serialized files now loaded: 0)
Unloading 21 unused Assets / (355.7 KB). Loaded Objects now: 6293.
Memory consumption went from 303.5 MB to 303.1 MB.
Total: 6.392920 ms (FindLiveObjects: 0.634853 ms CreateObjectMapping: 0.466526 ms MarkObjects: 4.993277 ms  DeleteObjects: 0.296555 ms)

Prepare: number of updated asset objects reloaded= 0
AssetImportParameters requested are different than current active one (requested -> active):
  custom:container-demuxer-ogg: 62fdf1f143b41e24485cea50d1cbac27 -> 
  custom:video-decoder-ogg-theora: a1e56fd34408186e4bbccfd4996cb3dc -> 
  custom:CustomObjectIndexerAttribute: 72b91833f83ae208fae7752999fa3104 -> 
  custom:container-demuxer-webm: 4f35f7cbe854078d1ac9338744f61a02 -> 
  custom:container-muxer-webm: aa71ff27fc2769a1b78a27578f13a17b -> 
  custom:video-decoder-webm-vp8: 9c59270c3fd7afecdb556c50c9e8de78 -> 
  custom:SearchIndexIgnoredProperties: e643bd26f0fe6173181afceb89e7c659 -> 
  custom:AudioImporter_EditorPlatform: 3918e3fc78b5a79bad01e8451be0beb8 -> 
  custom:framework-osx-AVFoundation: b23960f63f64bdc6ff669e2cdcee2391 -> 
  custom:video-encoder-webm-vp8: eb34c28f22e8b96e1ab97ce403110664 -> 
  custom:audio-decoder-ogg-vorbis: bf7c407c2cedff20999df2af8eb42d56 -> 
  custom:audio-encoder-webm-vorbis: bf7c407c2cedff20999df2af8eb42d56 -> 
========================================================================
Received Import Request.
  Time since last request: 11.901447 seconds.
  path: Assets/Enemy_Env/Enemy_Boss1.prefab
  artifactKey: Guid(c81a75079457c4b7f851ddafc9873d21) Importer(815301076,1909f56bfc062723c751e8b465ee728b)
Start importing Assets/Enemy_Env/Enemy_Boss1.prefab using Guid(c81a75079457c4b7f851ddafc9873d21) Importer(815301076,1909f56bfc062723c751e8b465ee728b) [PhysX] Initialized MultithreadedTaskDispatcher with 12 workers.
 -> (artifact id: 'ef9bf06aecc08b3a969642c694fd4c9b') in 0.001935 seconds
Number of updated asset objects reloaded before import = 0
Number of asset objects unloaded after import = 0
========================================================================
Received Import Request.
  Time since last request: 23.634574 seconds.
  path: Assets/Enemy_Env/Enemy.prefab
  artifactKey: Guid(86d68384f03e346788c8889cbdd3c636) Importer(815301076,1909f56bfc062723c751e8b465ee728b)
Start importing Assets/Enemy_Env/Enemy.prefab using Guid(86d68384f03e346788c8889cbdd3c636) Importer(815301076,1909f56bfc062723c751e8b465ee728b) [PhysX] Initialized MultithreadedTaskDispatcher with 12 workers.
 -> (artifact id: '462ecf80ca38b1685cdaba07b8a9b10b') in 0.000425 seconds
Number of updated asset objects reloaded before import = 0
Number of asset objects unloaded after import = 0
========================================================================
Received Import Request.
  Time since last request: 8.935705 seconds.
  path: Assets/Enemy_Env/Enemy.prefab
  artifactKey: Guid(86d68384f03e346788c8889cbdd3c636) Importer(815301076,1909f56bfc062723c751e8b465ee728b)
Start importing Assets/Enemy_Env/Enemy.prefab using Guid(86d68384f03e346788c8889cbdd3c636) Importer(815301076,1909f56bfc062723c751e8b465ee728b) [PhysX] Initialized MultithreadedTaskDispatcher with 12 workers.
 -> (artifact id: '462ecf80ca38b1685cdaba07b8a9b10b') in 0.000417 seconds
Number of updated asset objects reloaded before import = 0
Number of asset objects unloaded after import = 0
========================================================================
Received Import Request.
  Time since last request: 0.596385 seconds.
  path: Assets/Enemy_Env/Enemy.prefab
  artifactKey: Guid(86d68384f03e346788c8889cbdd3c636) Importer(815301076,1909f56bfc062723c751e8b465ee728b)
Start importing Assets/Enemy_Env/Enemy.prefab using Guid(86d68384f03e346788c8889cbdd3c636) Importer(815301076,1909f56bfc062723c751e8b465ee728b) [PhysX] Initialized MultithreadedTaskDispatcher with 12 workers.
 -> (artifact id: '462ecf80ca38b1685cdaba07b8a9b10b') in 0.000435 seconds
Number of updated asset objects reloaded before import = 0
Number of asset objects unloaded after import = 0
========================================================================
Received Import Request.
  Time since last request: 1.721217 seconds.
  path: Assets/Enemy_Env/Enemy.prefab
  artifactKey: Guid(86d68384f03e346788c8889cbdd3c636) Importer(815301076,1909f56bfc062723c751e8b465ee728b)
Start importing Assets/Enemy_Env/Enemy.prefab using Guid(86d68384f03e346788c8889cbdd3c636) Importer(815301076,1909f56bfc062723c751e8b465ee728b) [PhysX] Initialized MultithreadedTaskDispatcher with 12 workers.
 -> (artifact id: '462ecf80ca38b1685cdaba07b8a9b10b') in 0.000382 seconds
Number of updated asset objects reloaded before import = 0
Number of asset objects unloaded after import = 0
========================================================================
Received Prepare
Caller must complete domain reload
Begin MonoManager ReloadAssembly
- Loaded All Assemblies, in  0.593 seconds
Native extension for WindowsStandalone target not found
Native extension for Android target not found
Native extension for OSXStandalone target not found
[Package Manager] Server::EnsureServerProcessIsRunning -- launch failed, reason: Unity was launched with the -noUpm command-line argument
[Package Manager] UpmClient::Send -- Unable to send message (not connected to UPM process).
[Package Manager] Cannot connect to Unity Package Manager local server
Mono: successfully reloaded assembly
- Finished resetting the current domain, in  2.256 seconds
Domain Reload Profiling: 2850ms
	BeginReloadAssembly (189ms)
		ExecutionOrderSort (0ms)
		DisableScriptedObjects (12ms)
		BackupInstance (0ms)
		ReleaseScriptingObjects (0ms)
		CreateAndSetChildDomain (77ms)
	RebuildCommonClasses (42ms)
	RebuildNativeTypeToScriptingClass (13ms)
	initialDomainReloadingComplete (26ms)
	LoadAllAssembliesAndSetupDomain (322ms)
		LoadAssemblies (358ms)
		RebuildTransferFunctionScriptingTraits (0ms)
		AnalyzeDomain (30ms)
			TypeCache.Refresh (14ms)
				TypeCache.ScanAssembly (0ms)
			ScanForSourceGeneratedMonoScriptInfo (0ms)
			ResolveRequiredComponents (15ms)
	FinalizeReload (2257ms)
		ReleaseScriptCaches (0ms)
		RebuildScriptCaches (0ms)
		SetupLoadedEditorAssemblies (732ms)
			LogAssemblyErrors (0ms)
			InitializePlatformSupportModulesInManaged (24ms)
			SetLoadedEditorAssemblies (6ms)
			RefreshPlugins (0ms)
			BeforeProcessingInitializeOnLoad (76ms)
			ProcessInitializeOnLoadAttributes (547ms)
			ProcessInitializeOnLoadMethodAttributes (77ms)
			AfterProcessingInitializeOnLoad (2ms)
			EditorAssembliesLoaded (0ms)
		ExecutionOrderSort2 (0ms)
		AwakeInstancesAfterBackupRestoration (17ms)
Refreshing native plugins compatible for Editor in 1.80 ms, found 3 plugins.
Preloading 0 native plugins for Editor in 0.00 ms.
Unloading 5524 Unused Serialized files (Serialized files now loaded: 0)
Unloading 21 unused Assets / (355.7 KB). Loaded Objects now: 6298.
Memory consumption went from 302.4 MB to 302.1 MB.
Total: 5.672332 ms (FindLiveObjects: 0.492560 ms CreateObjectMapping: 0.550141 ms MarkObjects: 4.414314 ms  DeleteObjects: 0.214224 ms)

Prepare: number of updated asset objects reloaded= 0
AssetImportParameters requested are different than current active one (requested -> active):
  custom:container-demuxer-ogg: 62fdf1f143b41e24485cea50d1cbac27 -> 
  custom:video-decoder-ogg-theora: a1e56fd34408186e4bbccfd4996cb3dc -> 
  custom:CustomObjectIndexerAttribute: 72b91833f83ae208fae7752999fa3104 -> 
  custom:container-demuxer-webm: 4f35f7cbe854078d1ac9338744f61a02 -> 
  custom:container-muxer-webm: aa71ff27fc2769a1b78a27578f13a17b -> 
  custom:video-decoder-webm-vp8: 9c59270c3fd7afecdb556c50c9e8de78 -> 
  custom:SearchIndexIgnoredProperties: e643bd26f0fe6173181afceb89e7c659 -> 
  custom:AudioImporter_EditorPlatform: 3918e3fc78b5a79bad01e8451be0beb8 -> 
  custom:framework-osx-AVFoundation: b23960f63f64bdc6ff669e2cdcee2391 -> 
  custom:video-encoder-webm-vp8: eb34c28f22e8b96e1ab97ce403110664 -> 
  custom:audio-decoder-ogg-vorbis: bf7c407c2cedff20999df2af8eb42d56 -> 
  custom:audio-encoder-webm-vorbis: bf7c407c2cedff20999df2af8eb42d56 -> 
========================================================================
Received Import Request.
  Time since last request: 11.099233 seconds.
  path: Assets/Enemy_Env/Enemy_Boss1.prefab
  artifactKey: Guid(c81a75079457c4b7f851ddafc9873d21) Importer(815301076,1909f56bfc062723c751e8b465ee728b)
Start importing Assets/Enemy_Env/Enemy_Boss1.prefab using Guid(c81a75079457c4b7f851ddafc9873d21) Importer(815301076,1909f56bfc062723c751e8b465ee728b) [PhysX] Initialized MultithreadedTaskDispatcher with 12 workers.
 -> (artifact id: 'ef9bf06aecc08b3a969642c694fd4c9b') in 0.001753 seconds
Number of updated asset objects reloaded before import = 0
Number of asset objects unloaded after import = 0
========================================================================
Received Import Request.
  Time since last request: 58.237334 seconds.
  path: Assets/Enemy_Env/Enemy.prefab
  artifactKey: Guid(86d68384f03e346788c8889cbdd3c636) Importer(815301076,1909f56bfc062723c751e8b465ee728b)
Start importing Assets/Enemy_Env/Enemy.prefab using Guid(86d68384f03e346788c8889cbdd3c636) Importer(815301076,1909f56bfc062723c751e8b465ee728b) [PhysX] Initialized MultithreadedTaskDispatcher with 12 workers.
 -> (artifact id: '462ecf80ca38b1685cdaba07b8a9b10b') in 0.003341 seconds
Number of updated asset objects reloaded before import = 0
Number of asset objects unloaded after import = 0
